Year,Month,CO2,Temp,CO2_emissions,time_index,CO2_growth,CO2_ma12,Temp_ma12,CO2_lag1,CO2_lag12,Temp_lag1,Month_sin,Month_cos
1959,3,316.65,0.18,8855.112,12,0.0005055451989004478,315.4483333333333,0.03,316.49,315.71,0.07,1.0,6.123233995736766e-17
1959,4,317.72,0.16,8855.112,13,0.0033791252171169184,315.47083333333336,0.041666666666666664,316.65,317.45,0.18,0.8660254037844387,-0.4999999999999998
1959,5,318.29,0.04,8855.112,14,0.0017940324814300634,315.5358333333333,0.04,317.72,317.51,0.16,0.49999999999999994,-0.8660254037844387
1959,6,318.15,0.03,8855.112,15,-0.0004398504508468237,315.6091666666667,0.049999999999999996,318.29,317.27,0.04,1.2246467991473532e-16,-1.0
1959,7,316.54,0.03,8855.112,16,-0.005060506050604929,315.665,0.04833333333333334,318.15,315.87,0.03,-0.4999999999999997,-0.8660254037844388
1959,8,314.8,-0.01,8855.112,17,-0.0054969356163517835,315.6541666666667,0.051666666666666666,316.54,314.93,0.03,-0.8660254037844384,-0.5000000000000004
1959,9,313.84,-0.06,8855.112,18,-0.003049555273189397,315.70666666666665,0.049166666666666664,314.8,313.21,-0.01,-1.0,-1.8369701987210297e-16
1959,10,313.33,-0.07,8855.112,19,-0.001625031863369819,315.78249999999997,0.04,313.84,312.42,-0.06,-0.8660254037844386,0.5000000000000001
1959,11,314.81,-0.08,8855.112,20,0.004723454504835134,315.9058333333333,0.03166666666666667,313.33,313.33,-0.07,-0.5000000000000004,0.8660254037844384
1959,12,315.58,0.0,8855.112,21,0.0024459197611257366,315.9816666666667,0.030833333333333334,314.81,314.67,-0.08,-2.4492935982947064e-16,1.0
1960,1,316.43,0.0,9386.951,22,0.002693453324038364,316.0525,0.02416666666666667,315.58,315.58,0.0,0.49999999999999994,0.8660254037844387
1960,2,316.98,0.13,9386.951,23,0.0017381411370602784,316.0933333333333,0.029166666666666664,316.43,316.49,0.0,0.8660254037844386,0.5000000000000001
1960,3,317.58,-0.35,9386.951,24,0.0018928639030852956,316.17083333333335,-0.015,316.98,316.65,0.13,1.0,6.123233995736766e-17
1960,4,319.03,-0.15,9386.951,25,0.00456577870142949,316.28000000000003,-0.04083333333333333,317.58,317.72,-0.35,0.8660254037844387,-0.4999999999999998
1960,5,320.03,-0.08,9386.951,26,0.0031345014575432373,316.425,-0.050833333333333335,319.03,318.29,-0.15,0.49999999999999994,-0.8660254037844387
1960,6,319.58,-0.04,9386.951,27,-0.0014061181764208897,316.5441666666666,-0.05666666666666667,320.03,318.15,-0.08,1.2246467991473532e-16,-1.0
1960,7,318.18,-0.04,9386.951,28,-0.004380749734025802,316.68083333333334,-0.0625,319.58,316.54,-0.04,-0.4999999999999997,-0.8660254037844388
1960,8,315.9,0.02,9386.951,29,-0.007165755232887094,316.7725,-0.060000000000000005,318.18,314.8,-0.04,-0.8660254037844384,-0.5000000000000004
1960,9,314.17,0.07,9386.951,30,-0.005476416587527622,316.8,-0.049166666666666664,315.9,313.84,0.02,-1.0,-1.8369701987210297e-16
1960,10,313.83,0.06,9386.951,31,-0.00108221663430641,316.84166666666664,-0.03833333333333334,314.17,313.33,0.07,-0.8660254037844386,0.5000000000000001
1960,11,315.0,-0.11,9386.951,32,0.0037281330656726563,316.8575,-0.04083333333333333,313.83,314.81,0.06,-0.5000000000000004,0.8660254037844384
1960,12,316.19,0.19,9386.951,33,0.00377777777777788,316.9083333333333,-0.024999999999999994,315.0,315.58,-0.11,-2.4492935982947064e-16,1.0
1961,1,316.89,0.07,9414.99,34,0.002213858755811371,316.94666666666666,-0.01916666666666666,316.19,316.43,0.19,0.49999999999999994,0.8660254037844387
1961,2,317.7,0.19,9414.99,35,0.002556092019312617,317.00666666666666,-0.014166666666666666,316.89,316.98,0.07,0.8660254037844386,0.5000000000000001
1961,3,318.54,0.09,9414.99,36,0.0026440037771484626,317.08666666666664,0.022500000000000003,317.7,317.58,0.19,1.0,6.123233995736766e-17
1961,4,319.48,0.13,9414.99,37,0.002950963772210713,317.12416666666667,0.04583333333333334,318.54,319.03,0.09,0.8660254037844387,-0.4999999999999998
1961,5,320.58,0.12,9414.99,38,0.003443095029422638,317.17,0.0625,319.48,320.03,0.13,0.49999999999999994,-0.8660254037844387
1961,6,319.77,0.12,9414.99,39,-0.0025266704098820814,317.18583333333333,0.07583333333333334,320.58,319.58,0.12,1.2246467991473532e-16,-1.0
1961,7,318.56,0.01,9414.99,40,-0.0037839697282421314,317.2175,0.08,319.77,318.18,0.12,-0.4999999999999997,-0.8660254037844388
1961,8,316.79,0.01,9414.99,41,-0.0055562531391259995,317.2916666666667,0.07916666666666668,318.56,315.9,0.01,-0.8660254037844384,-0.5000000000000004
1961,9,314.99,0.08,9414.99,42,-0.005681997537801076,317.36,0.08,316.79,314.17,0.01,-1.0,-1.8369701987210297e-16
1961,10,315.31,0.0,9414.99,43,0.0010159052668339275,317.48333333333335,0.075,314.99,313.83,0.08,-0.8660254037844386,0.5000000000000001
1961,11,316.1,0.03,9414.99,44,0.002505470806507981,317.575,0.08666666666666667,315.31,315.0,0.0,-0.5000000000000004,0.8660254037844384
1961,12,317.01,-0.16,9414.99,45,0.002878835811451985,317.6433333333334,0.057499999999999996,316.1,316.19,0.03,-2.4492935982947064e-16,1.0
1962,1,317.94,0.05,9747.241,46,0.0029336613986941096,317.73083333333335,0.05583333333333334,317.01,316.89,-0.16,0.49999999999999994,0.8660254037844387
1962,2,318.55,0.15,9747.241,47,0.0019186009938982895,317.8016666666667,0.05249999999999999,317.94,317.7,0.05,0.8660254037844386,0.5000000000000001
1962,3,319.68,0.1,9747.241,48,0.0035473238110186323,317.8966666666667,0.05333333333333334,318.55,318.54,0.15,1.0,6.123233995736766e-17
1962,4,320.57,0.05,9747.241,49,0.002784034034033933,317.9875,0.04666666666666666,319.68,319.48,0.1,0.8660254037844387,-0.4999999999999998
1962,5,321.02,-0.06,9747.241,50,0.0014037495710765846,318.02416666666664,0.03166666666666667,320.57,320.58,0.05,0.49999999999999994,-0.8660254037844387
1962,6,320.62,0.03,9747.241,51,-0.0012460282848419935,318.095,0.024166666666666666,321.02,319.77,-0.06,1.2246467991473532e-16,-1.0
1962,7,319.61,0.02,9747.241,52,-0.0031501465909798965,318.1825,0.024999999999999998,320.62,318.56,0.03,-0.4999999999999997,-0.8660254037844388
1962,8,317.4,-0.01,9747.241,53,-0.006914677262914282,318.23333333333335,0.02333333333333333,319.61,316.79,0.02,-0.8660254037844384,-0.5000000000000004
1962,9,316.24,0.0,9747.241,54,-0.003654694391934332,318.33750000000003,0.016666666666666666,317.4,314.99,-0.01,-1.0,-1.8369701987210297e-16
1962,10,315.42,0.01,9747.241,55,-0.0025929673665570085,318.34666666666664,0.017499999999999998,316.24,315.31,0.0,-0.8660254037844386,0.5000000000000001
1962,11,316.69,0.06,9747.241,56,0.004026377528374869,318.3958333333333,0.02,315.42,316.1,0.01,-0.5000000000000004,0.8660254037844384
1962,12,317.7,-0.03,9747.241,57,0.0031892386876755108,318.4533333333333,0.030833333333333334,316.69,317.01,0.06,-2.4492935982947064e-16,1.0
1963,1,318.74,-0.03,10266.777,58,0.003273528485993049,318.52,0.024166666666666666,317.7,317.94,-0.03,0.49999999999999994,0.8660254037844387
1963,2,319.07,0.18,10266.777,59,0.0010353265984814897,318.56333333333333,0.02666666666666667,318.74,318.55,-0.03,0.8660254037844386,0.5000000000000001
1963,3,319.86,-0.14,10266.777,60,0.002475945717240746,318.5783333333333,0.006666666666666665,319.07,319.68,0.18,1.0,6.123233995736766e-17
1963,4,321.38,-0.07,10266.777,61,0.004752079034577639,318.6458333333333,-0.0033333333333333353,319.86,320.57,-0.14,0.8660254037844387,-0.4999999999999998
1963,5,322.24,-0.06,10266.777,62,0.00267595992283276,318.7475,-0.0033333333333333353,321.38,321.02,-0.07,0.49999999999999994,-0.8660254037844387
1963,6,321.49,0.05,10266.777,63,-0.0023274577954319753,318.82,-0.001666666666666668,322.24,320.62,-0.06,1.2246467991473532e-16,-1.0
1963,7,319.74,0.06,10266.777,64,-0.005443404149429232,318.8308333333334,0.0016666666666666646,321.49,319.61,0.05,-0.4999999999999997,-0.8660254037844388
1963,8,317.77,0.22,10266.777,65,-0.006161256020516759,318.8616666666667,0.020833333333333332,319.74,317.4,0.06,-0.8660254037844384,-0.5000000000000004
1963,9,316.21,0.17,10266.777,66,-0.004909211064606511,318.8591666666667,0.034999999999999996,317.77,316.24,0.22,-1.0,-1.8369701987210297e-16
1963,10,315.99,0.15,10266.777,67,-0.0006957401726699342,318.9066666666667,0.04666666666666666,316.21,315.42,0.17,-0.8660254037844386,0.5000000000000001
1963,11,317.07,0.15,10266.777,68,0.003417829678154405,318.93833333333333,0.05416666666666666,315.99,316.69,0.15,-0.5000000000000004,0.8660254037844384
1963,12,318.35,-0.03,10266.777,69,0.004036963446557573,318.9925,0.05416666666666667,317.07,317.7,0.15,-2.4492935982947064e-16,1.0
1964,1,319.57,-0.09,10824.47,70,0.003832260091094719,319.06166666666667,0.04916666666666667,318.35,318.74,-0.03,0.49999999999999994,0.8660254037844387
1964,2,320.04,-0.1,10824.47,71,0.0014707262884501304,319.1425,0.02583333333333333,319.57,319.07,-0.09,0.8660254037844386,0.5000000000000001
1964,3,320.75,-0.21,10824.47,72,0.0022184726909135755,319.2166666666667,0.02,320.04,319.86,-0.1,1.0,6.123233995736766e-17
1964,4,321.84,-0.32,10824.47,73,0.003398285268900958,319.255,-0.000833333333333334,320.75,321.38,-0.21,0.8660254037844387,-0.4999999999999998
1964,5,322.25,-0.25,10824.47,74,0.0012739249316431334,319.2558333333333,-0.016666666666666666,321.84,322.24,-0.32,0.49999999999999994,-0.8660254037844387
1964,6,321.89,-0.04,10824.47,75,-0.0011171450737005317,319.2891666666667,-0.024166666666666666,322.25,321.49,-0.25,1.2246467991473532e-16,-1.0
1964,7,320.44,-0.04,10824.47,76,-0.004504644443754091,319.3475,-0.0325,321.89,319.74,-0.04,-0.4999999999999997,-0.8660254037844388
1964,8,318.69,-0.22,10824.47,77,-0.005461240793908417,319.4241666666666,-0.06916666666666667,320.44,317.77,-0.04,-0.8660254037844384,-0.5000000000000004
1964,9,316.71,-0.29,10824.47,78,-0.006212934199378739,319.4658333333333,-0.1075,318.69,316.21,-0.22,-1.0,-1.8369701987210297e-16
1964,10,316.87,-0.31,10824.47,79,0.0005051940260807353,319.5391666666667,-0.14583333333333334,316.71,315.99,-0.29,-0.8660254037844386,0.5000000000000001
1964,11,317.68,-0.21,10824.47,80,0.0025562533531100495,319.59,-0.1758333333333333,316.87,317.07,-0.31,-0.5000000000000004,0.8660254037844384
1964,12,318.71,-0.29,10824.47,81,0.003242256358599871,319.62,-0.1975,317.68,318.35,-0.21,-2.4492935982947064e-16,1.0
1965,1,319.44,-0.08,11310.603,82,0.0022904835116563937,319.6091666666667,-0.19666666666666666,318.71,319.57,-0.29,0.49999999999999994,0.8660254037844387
1965,2,320.44,-0.17,11310.603,83,0.0031304783370900147,319.6425,-0.20249999999999999,319.44,320.04,-0.08,0.8660254037844386,0.5000000000000001
1965,3,320.89,-0.13,11310.603,84,0.001404319061290682,319.65416666666664,-0.1958333333333333,320.44,320.75,-0.17,1.0,6.123233995736766e-17
1965,4,322.14,-0.19,11310.603,85,0.00389541587459874,319.6791666666667,-0.18500000000000003,320.89,321.84,-0.13,0.8660254037844387,-0.4999999999999998
1965,5,322.17,-0.12,11310.603,86,9.312721177145988e-05,319.6725,-0.17416666666666666,322.14,322.25,-0.19,0.49999999999999994,-0.8660254037844387
1965,6,321.87,-0.08,11310.603,87,-0.0009311853990129348,319.6708333333333,-0.1775,322.17,321.89,-0.12,1.2246467991473532e-16,-1.0
1965,7,321.21,-0.13,11310.603,88,-0.002050517289589049,319.73499999999996,-0.18499999999999997,321.87,320.44,-0.08,-0.4999999999999997,-0.8660254037844388
1965,8,318.87,-0.04,11310.603,89,-0.00728495376856253,319.75,-0.17,321.21,318.69,-0.13,-0.8660254037844384,-0.5000000000000004
1965,9,317.82,-0.15,11310.603,90,-0.0032928779753504944,319.84250000000003,-0.15833333333333333,318.87,316.71,-0.04,-1.0,-1.8369701987210297e-16
1965,10,317.3,-0.05,11310.603,91,-0.0016361462463029275,319.87833333333333,-0.1366666666666667,317.82,316.87,-0.15,-0.8660254037844386,0.5000000000000001
1965,11,318.87,-0.06,11310.603,92,0.004947998739363246,319.9775,-0.12416666666666669,317.3,317.68,-0.05,-0.5000000000000004,0.8660254037844384
1965,12,319.42,-0.08,11310.603,93,0.0017248408442311902,320.0366666666667,-0.10666666666666669,318.87,318.71,-0.06,-2.4492935982947064e-16,1.0
1966,1,320.62,-0.19,11862.625,94,0.0037568092167052924,320.135,-0.11583333333333334,319.42,319.44,-0.08,0.49999999999999994,0.8660254037844387
1966,2,321.6,-0.04,11862.625,95,0.0030565778803568477,320.2316666666667,-0.10500000000000002,320.62,320.44,-0.19,0.8660254037844386,0.5000000000000001
1966,3,322.39,0.04,11862.625,96,0.002456467661691386,320.3566666666666,-0.09083333333333336,321.6,320.89,-0.04,1.0,6.123233995736766e-17
1966,4,323.7,-0.13,11862.625,97,0.004063401470268957,320.4866666666667,-0.08583333333333333,322.39,322.14,0.04,0.8660254037844387,-0.4999999999999998
1966,5,324.08,-0.12,11862.625,98,0.0011739264751313705,320.6458333333333,-0.08583333333333336,323.7,322.17,-0.13,0.49999999999999994,-0.8660254037844387
1966,6,323.75,0.01,11862.625,99,-0.001018267094544556,320.8025,-0.07833333333333335,324.08,321.87,-0.12,1.2246467991473532e-16,-1.0
1966,7,322.37,0.08,11862.625,100,-0.004262548262548238,320.89916666666664,-0.06083333333333334,323.75,321.21,0.01,-0.4999999999999997,-0.8660254037844388
1966,8,320.36,-0.09,11862.625,101,-0.006235071501690559,321.02333333333337,-0.065,322.37,318.87,0.08,-0.8660254037844384,-0.5000000000000004
1966,9,318.64,-0.03,11862.625,102,-0.005368959920090011,321.09166666666664,-0.055000000000000014,320.36,317.82,-0.09,-1.0,-1.8369701987210297e-16
1966,10,318.1,-0.17,11862.625,103,-0.0016947024855635817,321.15833333333336,-0.06500000000000002,318.64,317.3,-0.03,-0.8660254037844386,0.5000000000000001
1966,11,319.78,0.0,11862.625,104,0.005281358063501829,321.2341666666667,-0.060000000000000005,318.1,318.87,-0.17,-0.5000000000000004,0.8660254037844384
1966,12,321.02,-0.02,11862.625,105,0.0038776658953030285,321.3675,-0.055000000000000014,319.78,319.42,0.0,-2.4492935982947064e-16,1.0
1967,1,322.33,-0.07,12237.371,106,0.004080742632857737,321.51,-0.04500000000000001,321.02,320.62,-0.02,0.49999999999999994,0.8660254037844387
1967,2,322.5,-0.2,12237.371,107,0.0005274097974126146,321.585,-0.05833333333333335,322.33,321.6,-0.07,0.8660254037844386,0.5000000000000001
1967,3,323.03,0.05,12237.371,108,0.0016434108527130231,321.6383333333333,-0.057500000000000016,322.5,322.39,-0.2,1.0,6.123233995736766e-17
1967,4,324.41,-0.05,12237.371,109,0.004272049035693337,321.6975,-0.05083333333333334,323.03,323.7,0.05,0.8660254037844387,-0.4999999999999998
1967,5,325.0,0.12,12237.371,110,0.0018186862303875007,321.77416666666664,-0.030833333333333348,324.41,324.08,-0.05,0.49999999999999994,-0.8660254037844387
1967,6,324.09,-0.08,12237.371,111,-0.0028000000000000247,321.8025,-0.03833333333333335,325.0,323.75,0.12,1.2246467991473532e-16,-1.0
1967,7,322.54,0.02,12237.371,112,-0.004782622111141777,321.81666666666666,-0.04333333333333334,324.09,322.37,-0.08,-0.4999999999999997,-0.8660254037844388
1967,8,320.92,0.01,12237.371,113,-0.005022632851739317,321.8633333333333,-0.03500000000000001,322.54,320.36,0.02,-0.8660254037844384,-0.5000000000000004
1967,9,319.25,-0.06,12237.371,114,-0.005203789106319356,321.9141666666667,-0.03750000000000001,320.92,318.64,0.01,-1.0,-1.8369701987210297e-16
1967,10,319.39,0.09,12237.371,115,0.00043852779953001964,322.0216666666667,-0.01583333333333335,319.25,318.1,-0.06,-0.8660254037844386,0.5000000000000001
1967,11,320.73,-0.05,12237.371,116,0.004195497667428549,322.10083333333336,-0.020000000000000014,319.39,319.78,0.09,-0.5000000000000004,0.8660254037844384
1967,12,321.96,-0.05,12237.371,117,0.003835001403049265,322.1791666666667,-0.022500000000000017,320.73,321.02,-0.05,-2.4492935982947064e-16,1.0
1968,1,322.57,-0.26,12905.273,118,0.0018946452975525663,322.19916666666666,-0.03833333333333335,321.96,322.33,-0.05,0.49999999999999994,0.8660254037844387
1968,2,323.15,-0.14,12905.273,119,0.0017980593359581132,322.25333333333333,-0.03333333333333335,322.57,322.5,-0.26,0.8660254037844386,0.5000000000000001
1968,3,323.89,0.2,12905.273,120,0.0022899582237352334,322.325,-0.020833333333333346,323.15,323.03,-0.14,1.0,6.123233995736766e-17
1968,4,325.02,-0.05,12905.273,121,0.0034888388032974227,322.37583333333333,-0.020833333333333346,323.89,324.41,0.2,0.8660254037844387,-0.4999999999999998
1968,5,325.57,-0.14,12905.273,122,0.001692203556704186,322.42333333333335,-0.04250000000000002,325.02,325.0,-0.05,0.49999999999999994,-0.8660254037844387
1968,6,325.36,-0.09,12905.273,123,-0.0006450225757901329,322.52916666666664,-0.04333333333333334,325.57,324.09,-0.14,1.2246467991473532e-16,-1.0
1968,7,324.14,-0.13,12905.273,124,-0.003749692648143732,322.66249999999997,-0.055833333333333346,325.36,322.54,-0.09,-0.4999999999999997,-0.8660254037844388
1968,8,322.11,-0.09,12905.273,125,-0.006262725982600026,322.76166666666666,-0.06416666666666669,324.14,320.92,-0.13,-0.8660254037844384,-0.5000000000000004
1968,9,320.33,-0.19,12905.273,126,-0.005526062525224362,322.8516666666667,-0.07500000000000001,322.11,319.25,-0.09,-1.0,-1.8369701987210297e-16
1968,10,320.25,0.09,12905.273,127,-0.00024974245309516974,322.92333333333335,-0.07500000000000002,320.33,319.39,-0.19,-0.8660254037844386,0.5000000000000001
1968,11,321.32,-0.05,12905.273,128,0.003341139734582388,322.97249999999997,-0.07500000000000001,320.25,320.73,0.09,-0.5000000000000004,0.8660254037844384
1968,12,322.89,-0.14,12905.273,129,0.0048860948587077235,323.05,-0.08250000000000002,321.32,321.96,-0.05,-2.4492935982947064e-16,1.0
1969,1,324.0,-0.11,13761.798,130,0.0034377032425902954,323.1691666666667,-0.07000000000000002,322.89,322.57,-0.14,0.49999999999999994,0.8660254037844387
1969,2,324.41,-0.18,13761.798,131,0.0012654320987655066,323.27416666666664,-0.07333333333333335,324.0,323.15,-0.11,0.8660254037844386,0.5000000000000001
1969,3,325.63,0.01,13761.798,132,0.003760673222157118,323.4191666666667,-0.08916666666666667,324.41,323.89,-0.18,1.0,6.123233995736766e-17
1969,4,326.66,0.17,13761.798,133,0.0031630992230446964,323.55583333333334,-0.07083333333333335,325.63,325.02,0.01,0.8660254037844387,-0.4999999999999998
1969,5,327.38,0.18,13761.798,134,0.0022041266148287164,323.70666666666665,-0.04416666666666669,326.66,325.57,0.17,0.49999999999999994,-0.8660254037844387
1969,6,326.71,0.03,13761.798,135,-0.0020465514081495773,323.81916666666666,-0.03416666666666668,327.38,325.36,0.18,1.2246467991473532e-16,-1.0
1969,7,325.88,-0.05,13761.798,136,-0.00254047932417123,323.96416666666664,-0.02750000000000001,326.71,324.14,0.03,-0.4999999999999997,-0.8660254037844388
1969,8,323.66,0.04,13761.798,137,-0.006812323554682642,324.0933333333333,-0.01666666666666668,325.88,322.11,-0.05,-0.8660254037844384,-0.5000000000000004
1969,9,322.38,0.08,13761.798,138,-0.003954767348452126,324.26416666666665,0.00583333333333332,323.66,320.33,0.04,-1.0,-1.8369701987210297e-16
1969,10,321.78,0.09,13761.798,139,-0.0018611576400522356,324.39166666666665,0.00583333333333332,322.38,320.25,0.08,-0.8660254037844386,0.5000000000000001
1969,11,322.85,0.12,13761.798,140,0.003325253278637641,324.51916666666665,0.019999999999999987,321.78,321.32,0.09,-0.5000000000000004,0.8660254037844384
1969,12,324.11,0.24,13761.798,141,0.0039027412110888005,324.62083333333334,0.05166666666666666,322.85,322.89,0.12,-2.4492935982947064e-16,1.0
1970,1,325.06,0.08,14899.139,142,0.002931103637653809,324.70916666666665,0.06749999999999999,324.11,324.0,0.24,0.49999999999999994,0.8660254037844387
1970,2,325.99,0.22,14899.139,143,0.0028610102750261657,324.84083333333336,0.10083333333333332,325.06,324.41,0.08,0.8660254037844386,0.5000000000000001
1970,3,326.93,0.06,14899.139,144,0.0028835240344795565,324.94916666666666,0.10499999999999998,325.99,325.63,0.22,1.0,6.123233995736766e-17
1970,4,328.13,0.05,14899.139,145,0.0036705105068362,325.07166666666666,0.09499999999999999,326.93,326.66,0.06,0.8660254037844387,-0.4999999999999998
1970,5,328.08,-0.03,14899.139,146,-0.00015237863042094624,325.13,0.07749999999999997,328.13,327.38,0.05,0.49999999999999994,-0.8660254037844387
1970,6,327.67,-0.02,14899.139,147,-0.0012496951962934766,325.21,0.07333333333333332,328.08,326.71,-0.03,1.2246467991473532e-16,-1.0
1970,7,326.34,0.02,14899.139,148,-0.004058961760307733,325.2483333333334,0.07916666666666665,327.67,325.88,-0.02,-0.4999999999999997,-0.8660254037844388
1970,8,324.68,-0.1,14899.139,149,-0.005086719372433546,325.3333333333333,0.06749999999999998,326.34,323.66,0.02,-0.8660254037844384,-0.5000000000000004
1970,9,323.1,0.12,14899.139,150,-0.004866329924849033,325.3933333333333,0.07083333333333332,324.68,322.38,-0.1,-1.0,-1.8369701987210297e-16
1970,10,323.06,0.03,14899.139,151,-0.00012380068090378504,325.5,0.06583333333333331,323.1,321.78,0.12,-0.8660254037844386,0.5000000000000001
1970,11,324.01,0.02,14899.139,152,0.0029406302234877835,325.5966666666667,0.05749999999999999,323.06,322.85,0.03,-0.5000000000000004,0.8660254037844384
1970,12,325.13,-0.12,14899.139,153,0.003456683435696384,325.6816666666667,0.027499999999999986,324.01,324.11,0.02,-2.4492935982947064e-16,1.0
1971,1,326.17,-0.02,15503.862,154,0.003198720511795372,325.77416666666664,0.01916666666666665,325.13,325.06,-0.12,0.49999999999999994,0.8660254037844387
1971,2,326.69,-0.15,15503.862,155,0.0015942606616181632,325.8325,-0.011666666666666685,326.17,325.99,-0.02,0.8660254037844386,0.5000000000000001
1971,3,327.18,-0.18,15503.862,156,0.0014998928647953491,325.85333333333335,-0.03166666666666668,326.69,326.93,-0.15,1.0,6.123233995736766e-17
1971,4,327.78,-0.07,15503.862,157,0.0018338529249952717,325.82416666666666,-0.041666666666666685,327.18,328.13,-0.18,0.8660254037844387,-0.4999999999999998
1971,5,328.93,-0.05,15503.862,158,0.0035084507901641526,325.895,-0.043333333333333356,327.78,328.08,-0.07,0.49999999999999994,-0.8660254037844387
1971,6,328.57,-0.16,15503.862,159,-0.0010944577873711614,325.96999999999997,-0.055000000000000014,328.93,327.67,-0.05,1.2246467991473532e-16,-1.0
1971,7,327.36,-0.08,15503.862,160,-0.0036826247070639306,326.055,-0.06333333333333335,328.57,326.34,-0.16,-0.4999999999999997,-0.8660254037844388
1971,8,325.43,-0.01,15503.862,161,-0.005895650048875822,326.1175,-0.05583333333333335,327.36,324.68,-0.08,-0.8660254037844384,-0.5000000000000004
1971,9,323.36,-0.05,15503.862,162,-0.006360814921795743,326.13916666666665,-0.07000000000000002,325.43,323.1,-0.01,-1.0,-1.8369701987210297e-16
1971,10,323.56,-0.04,15503.862,163,0.0006185056902523467,326.18083333333334,-0.07583333333333335,323.36,323.06,-0.05,-0.8660254037844386,0.5000000000000001
1971,11,324.8,-0.07,15503.862,164,0.0038323649400420212,326.24666666666667,-0.08333333333333336,323.56,324.01,-0.04,-0.5000000000000004,0.8660254037844384
1971,12,326.01,-0.08,15503.862,165,0.0037253694581280694,326.32,-0.08000000000000002,324.8,325.13,-0.07,-2.4492935982947064e-16,1.0
1972,1,326.77,-0.23,16224.579,166,0.0023312168338394113,326.37,-0.09750000000000002,326.01,326.17,-0.08,0.49999999999999994,0.8660254037844387
1972,2,327.63,-0.18,16224.579,167,0.0026318205465618583,326.4483333333333,-0.10000000000000002,326.77,326.69,-0.23,0.8660254037844386,0.5000000000000001
1972,3,327.75,0.02,16224.579,168,0.000366266825382322,326.49583333333334,-0.08333333333333336,327.63,327.18,-0.18,1.0,6.123233995736766e-17
1972,4,329.72,0.0,16224.579,169,0.006010678871090747,326.6575,-0.07750000000000003,327.75,327.78,0.02,0.8660254037844387,-0.4999999999999998
1972,5,330.07,-0.03,16224.579,170,0.001061506732985551,326.7525,-0.07583333333333335,329.72,328.93,0.0,0.49999999999999994,-0.8660254037844387
1972,6,329.09,0.04,16224.579,171,-0.002969067167570616,326.79583333333335,-0.05916666666666668,330.07,328.57,-0.03,1.2246467991473532e-16,-1.0
1972,7,328.04,0.01,16224.579,172,-0.003190616548664371,326.8525,-0.05166666666666669,329.09,327.36,0.04,-0.4999999999999997,-0.8660254037844388
1972,8,326.32,0.16,16224.579,173,-0.005243263016705413,326.9266666666667,-0.03750000000000001,328.04,325.43,0.01,-0.8660254037844384,-0.5000000000000004
1972,9,324.84,0.02,16224.579,174,-0.004535425349350364,327.05,-0.03166666666666668,326.32,323.36,0.16,-1.0,-1.8369701987210297e-16
1972,10,325.2,0.08,16224.579,175,0.0011082379017361976,327.18666666666667,-0.021666666666666685,324.84,323.56,0.02,-0.8660254037844386,0.5000000000000001
1972,11,326.5,0.02,16224.579,176,0.003997539975399755,327.3283333333333,-0.014166666666666687,325.2,324.8,0.08,-0.5000000000000004,0.8660254037844384
1972,12,327.55,0.18,16224.579,177,0.003215926493108867,327.45666666666665,0.0074999999999999815,326.5,326.01,0.02,-2.4492935982947064e-16,1.0
1973,1,328.55,0.29,17077.285,178,0.003052969012364626,327.605,0.050833333333333314,327.55,326.77,0.18,0.49999999999999994,0.8660254037844387
1973,2,329.57,0.32,17077.285,179,0.0031045502967583793,327.76666666666665,0.09249999999999999,328.55,327.63,0.29,0.8660254037844386,0.5000000000000001
1973,3,330.3,0.29,17077.285,180,0.002215007433929106,327.9791666666667,0.11499999999999999,329.57,327.75,0.32,1.0,6.123233995736766e-17
1973,4,331.5,0.27,17077.285,181,0.0036330608537693543,328.1275,0.13749999999999998,330.3,329.72,0.29,0.8660254037844387,-0.4999999999999998
1973,5,332.48,0.23,17077.285,182,0.0029562594268477405,328.3283333333333,0.15916666666666665,331.5,330.07,0.27,0.49999999999999994,-0.8660254037844387
1973,6,332.07,0.19,17077.285,183,-0.0012331568816169591,328.57666666666665,0.17166666666666663,332.48,329.09,0.23,1.2246467991473532e-16,-1.0
1973,7,330.87,0.13,17077.285,184,-0.0036136959074893893,328.8125,0.18166666666666664,332.07,328.04,0.19,-0.4999999999999997,-0.8660254037844388
1973,8,329.31,0.05,17077.285,185,-0.004714842687460363,329.06166666666667,0.1725,330.87,326.32,0.13,-0.8660254037844384,-0.5000000000000004
1973,9,327.52,0.09,17077.285,186,-0.005435607785976848,329.285,0.17833333333333332,329.31,324.84,0.05,-1.0,-1.8369701987210297e-16
1973,10,327.19,0.1,17077.285,187,-0.0010075720566682378,329.4508333333334,0.17999999999999997,327.52,325.2,0.09,-0.8660254037844386,0.5000000000000001
1973,11,328.17,0.04,17077.285,188,0.002995201564840011,329.59,0.18166666666666664,327.19,326.5,0.1,-0.5000000000000004,0.8660254037844384
1973,12,328.65,-0.07,17077.285,189,0.0014626565499586963,329.6816666666667,0.1608333333333333,328.17,327.55,0.04,-2.4492935982947064e-16,1.0
1974,1,329.36,-0.1,16997.912,190,0.002160352959075018,329.74916666666667,0.12833333333333333,328.65,328.55,-0.07,0.49999999999999994,0.8660254037844387
1974,2,330.71,-0.27,16997.912,191,0.004098858392032945,329.8441666666667,0.07916666666666665,329.36,329.57,-0.1,0.8660254037844386,0.5000000000000001
1974,3,331.49,-0.05,16997.912,192,0.002358561882011445,329.9433333333333,0.050833333333333314,330.71,330.3,-0.27,1.0,6.123233995736766e-17
1974,4,332.65,-0.11,16997.912,193,0.003499351413315477,330.03916666666663,0.019166666666666648,331.49,331.5,-0.05,0.8660254037844387,-0.4999999999999998
1974,5,333.19,-0.04,16997.912,194,0.0016233278220352254,330.0983333333333,-0.0033333333333333518,332.65,332.48,-0.11,0.49999999999999994,-0.8660254037844387
1974,6,332.2,-0.05,16997.912,195,-0.0029712776493893145,330.1091666666667,-0.023333333333333355,333.19,332.07,-0.04,1.2246467991473532e-16,-1.0
1974,7,331.07,-0.03,16997.912,196,-0.0034015653220951236,330.12583333333333,-0.03666666666666669,332.2,330.87,-0.05,-0.4999999999999997,-0.8660254037844388
1974,8,329.15,0.1,16997.912,197,-0.005799377775092984,330.1125,-0.03250000000000002,331.07,329.31,-0.03,-0.8660254037844384,-0.5000000000000004
1974,9,327.33,-0.08,16997.912,198,-0.0055293938933617115,330.09666666666664,-0.04666666666666669,329.15,327.52,0.1,-1.0,-1.8369701987210297e-16
1974,10,327.28,-0.06,16997.912,199,-0.00015275104634471237,330.1041666666667,-0.06000000000000002,327.33,327.19,-0.08,-0.8660254037844386,0.5000000000000001
1974,11,328.31,-0.08,16997.912,200,0.003147152285504884,330.11583333333334,-0.07000000000000002,327.28,328.17,-0.06,-0.5000000000000004,0.8660254037844384
1974,12,329.58,-0.08,16997.912,201,0.0038682952087965017,330.1933333333333,-0.07083333333333335,328.31,328.65,-0.08,-2.4492935982947064e-16,1.0
1975,1,330.73,0.1,16988.477,202,0.003489289398628692,330.3075,-0.05416666666666669,329.58,329.36,-0.08,0.49999999999999994,0.8660254037844387
1975,2,331.46,0.08,16988.477,203,0.002207238532942135,330.37,-0.02500000000000002,330.73,330.71,0.1,0.8660254037844386,0.5000000000000001
1975,3,331.94,0.12,16988.477,204,0.0014481385385869405,330.40749999999997,-0.010833333333333353,331.46,331.49,0.08,1.0,6.123233995736766e-17
1975,4,333.11,0.04,16988.477,205,0.003524733385551704,330.4458333333333,0.0016666666666666503,331.94,332.65,0.12,0.8660254037844387,-0.4999999999999998
1975,5,333.95,0.16,16988.477,206,0.002521689531986393,330.50916666666666,0.018333333333333316,333.11,333.19,0.04,0.49999999999999994,-0.8660254037844387
1975,6,333.42,-0.01,16988.477,207,-0.0015870639317262514,330.61083333333335,0.02166666666666665,333.95,332.2,0.16,1.2246467991473532e-16,-1.0
1975,7,331.97,-0.01,16988.477,208,-0.004348869293983482,330.68583333333333,0.023333333333333317,333.42,331.07,-0.01,-0.4999999999999997,-0.8660254037844388
1975,8,329.95,-0.17,16988.477,209,-0.006084887188601451,330.7525,0.0008333333333333156,331.97,329.15,-0.01,-0.8660254037844384,-0.5000000000000004
1975,9,328.49,-0.02,16988.477,210,-0.004424912865585662,330.8491666666667,0.005833333333333316,329.95,327.33,-0.17,-1.0,-1.8369701987210297e-16
1975,10,328.36,-0.11,16988.477,211,-0.00039575025114912954,330.93916666666667,0.0016666666666666486,328.49,327.28,-0.02,-0.8660254037844386,0.5000000000000001
1975,11,329.38,-0.17,16988.477,212,0.003106346692654416,331.02833333333336,-0.005833333333333351,328.36,328.31,-0.11,-0.5000000000000004,0.8660254037844384
1975,12,330.77,-0.17,16988.477,213,0.004220049790515379,331.1275,-0.013333333333333352,329.38,329.58,-0.17,-2.4492935982947064e-16,1.0
1976,1,331.56,-0.03,17862.492,214,0.0023883665386825736,331.19666666666666,-0.024166666666666687,330.77,330.73,-0.17,0.49999999999999994,0.8660254037844387
1976,2,332.74,-0.06,17862.492,215,0.003558933526360164,331.30333333333334,-0.035833333333333356,331.56,331.46,-0.03,0.8660254037844386,0.5000000000000001
1976,3,333.36,-0.21,17862.492,216,0.0018633167037327425,331.4216666666667,-0.06333333333333335,332.74,331.94,-0.06,1.0,6.123233995736766e-17
1976,4,334.74,-0.07,17862.492,217,0.004139668826493859,331.5575,-0.07250000000000002,333.36,333.11,-0.21,0.8660254037844387,-0.4999999999999998
1976,5,334.72,-0.2,17862.492,218,-5.974786401385934e-05,331.62166666666667,-0.10250000000000002,334.74,333.95,-0.07,0.49999999999999994,-0.8660254037844387
1976,6,333.97,-0.12,17862.492,219,-0.002240678776290639,331.66749999999996,-0.11166666666666669,334.72,333.42,-0.2,1.2246467991473532e-16,-1.0
1976,7,333.08,-0.1,17862.492,220,-0.0026649100218584243,331.76,-0.11916666666666668,333.97,331.97,-0.12,-0.4999999999999997,-0.8660254037844388
1976,8,330.68,-0.12,17862.492,221,-0.00720547616188294,331.8208333333334,-0.11500000000000003,333.08,329.95,-0.1,-0.8660254037844384,-0.5000000000000004
1976,9,328.96,-0.07,17862.492,222,-0.005201403169227126,331.86,-0.11916666666666668,330.68,328.49,-0.12,-1.0,-1.8369701987210297e-16
1976,10,328.72,-0.24,17862.492,223,-0.000729571984435684,331.89,-0.13,328.96,328.36,-0.07,-0.8660254037844386,0.5000000000000001
1976,11,330.16,-0.06,17862.492,224,0.0043806278899976014,331.95500000000004,-0.12083333333333335,328.72,329.38,-0.24,-0.5000000000000004,0.8660254037844384
1976,12,331.62,0.11,17862.492,225,0.004422098376544614,332.02583333333337,-0.09750000000000003,330.16,330.77,-0.06,-2.4492935982947064e-16,1.0
1977,1,332.68,0.18,18358.039,226,0.00319642964839284,332.1191666666667,-0.08000000000000002,331.62,331.56,0.11,0.49999999999999994,0.8660254037844387
1977,2,333.17,0.22,18358.039,227,0.001472886858242095,332.15500000000003,-0.05666666666666668,332.68,332.74,0.18,0.8660254037844386,0.5000000000000001
1977,3,334.96,0.24,18358.039,228,0.005372632589969006,332.28833333333336,-0.019166666666666686,333.17,333.36,0.22,1.0,6.123233995736766e-17
1977,4,336.14,0.26,18358.039,229,0.0035228086935754632,332.40500000000003,0.008333333333333318,334.96,334.74,0.24,0.8660254037844387,-0.4999999999999998
1977,5,336.93,0.33,18358.039,230,0.0023502112215147974,332.5891666666667,0.05249999999999999,336.14,334.72,0.26,0.49999999999999994,-0.8660254037844387
1977,6,336.17,0.27,18358.039,231,-0.0022556614133498742,332.77250000000004,0.08499999999999998,336.93,333.97,0.33,1.2246467991473532e-16,-1.0
1977,7,334.89,0.2,18358.039,232,-0.003807597346580649,332.92333333333335,0.10999999999999999,336.17,333.08,0.27,-0.4999999999999997,-0.8660254037844388
1977,8,332.56,0.18,18358.039,233,-0.006957508435605719,333.08,0.13499999999999998,334.89,330.68,0.2,-0.8660254037844384,-0.5000000000000004
1977,9,331.29,0.02,18358.039,234,-0.003818859754630699,333.27416666666664,0.1425,332.56,328.96,0.18,-1.0,-1.8369701987210297e-16
1977,10,331.28,0.03,18358.039,235,-3.0185034260110655e-05,333.4875,0.165,331.29,328.72,0.02,-0.8660254037844386,0.5000000000000001
1977,11,332.46,0.16,18358.039,236,0.0035619415600096627,333.6791666666666,0.18333333333333332,331.28,330.16,0.03,-0.5000000000000004,0.8660254037844384
1977,12,333.6,0.03,18358.039,237,0.0034289839379175735,333.8441666666667,0.17666666666666667,332.46,331.62,0.16,-2.4492935982947064e-16,1.0
1978,1,334.94,0.06,19024.742,238,0.004016786570743225,334.0325,0.16666666666666666,333.6,332.68,0.03,0.49999999999999994,0.8660254037844387
1978,2,335.26,0.1,19024.742,239,0.0009553949961187413,334.20666666666665,0.15666666666666665,334.94,333.17,0.06,0.8660254037844386,0.5000000000000001
1978,3,336.66,0.19,19024.742,240,0.004175863508918631,334.3483333333333,0.1525,335.26,334.96,0.1,1.0,6.123233995736766e-17
1978,4,337.69,0.17,19024.742,241,0.0030594665240895047,334.4775,0.145,336.66,336.14,0.19,0.8660254037844387,-0.4999999999999998
1978,5,338.02,0.09,19024.742,242,0.000977227634813005,334.5683333333333,0.12499999999999999,337.69,336.93,0.17,0.49999999999999994,-0.8660254037844387
1978,6,338.01,-0.01,19024.742,243,-2.958404828112826e-05,334.72166666666664,0.10166666666666664,338.02,336.17,0.09,1.2246467991473532e-16,-1.0
1978,7,336.5,0.04,19024.742,244,-0.004467323451968874,334.85583333333335,0.0883333333333333,338.01,334.89,-0.01,-0.4999999999999997,-0.8660254037844388
1978,8,334.42,-0.14,19024.742,245,-0.00618127786032685,335.0108333333333,0.06166666666666665,336.5,332.56,0.04,-0.8660254037844384,-0.5000000000000004
1978,9,332.36,0.06,19024.742,246,-0.0061599186651516424,335.09999999999997,0.06499999999999999,334.42,331.29,-0.14,-1.0,-1.8369701987210297e-16
1978,10,332.45,0.03,19024.742,247,0.00027079070886992795,335.19750000000005,0.06499999999999999,332.36,331.28,0.06,-0.8660254037844386,0.5000000000000001
1978,11,333.76,0.13,19024.742,248,0.003940442171755265,335.30583333333334,0.06249999999999998,332.45,332.46,0.03,-0.5000000000000004,0.8660254037844384
1978,12,334.91,0.08,19024.742,249,0.003445589645254099,335.415,0.06666666666666664,333.76,333.6,0.13,-2.4492935982947064e-16,1.0
1979,1,336.14,0.08,19508.59,250,0.0036726284673493925,335.515,0.06833333333333332,334.91,334.94,0.08,0.49999999999999994,0.8660254037844387
1979,2,336.69,-0.1,19508.59,251,0.0016362230023205804,335.63416666666666,0.051666666666666645,336.14,335.26,0.08,0.8660254037844386,0.5000000000000001
1979,3,338.27,0.19,19508.59,252,0.004692744067242849,335.7683333333334,0.051666666666666645,336.69,336.66,-0.1,1.0,6.123233995736766e-17
1979,4,338.82,0.15,19508.59,253,0.0016259201229786857,335.8625,0.04999999999999998,338.27,337.69,0.19,0.8660254037844387,-0.4999999999999998
1979,5,339.24,0.03,19508.59,254,0.0012395962457942833,335.9641666666667,0.044999999999999984,338.82,338.02,0.15,0.49999999999999994,-0.8660254037844387
1979,6,339.26,0.14,19508.59,255,5.895531187349867e-05,336.0683333333333,0.05749999999999999,339.24,338.01,0.03,1.2246467991473532e-16,-1.0
1979,7,337.54,0.04,19508.59,256,-0.005069857926074284,336.155,0.057499999999999975,339.26,336.5,0.14,-0.4999999999999997,-0.8660254037844388
1979,8,335.72,0.16,19508.59,257,-0.005391953546246331,336.2633333333333,0.08249999999999998,337.54,334.42,0.04,-0.8660254037844384,-0.5000000000000004
1979,9,333.97,0.25,19508.59,258,-0.0052126772310258085,336.39750000000004,0.09833333333333331,335.72,332.36,0.16,-1.0,-1.8369701987210297e-16
1979,10,334.24,0.26,19508.59,259,0.0008084558493277605,336.5466666666667,0.11749999999999998,333.97,332.45,0.25,-0.8660254037844386,0.5000000000000001
1979,11,335.32,0.28,19508.59,260,0.0032312111057921644,336.6766666666667,0.12999999999999998,334.24,333.76,0.26,-0.5000000000000004,0.8660254037844384
1979,12,336.81,0.47,19508.59,261,0.004443516640820766,336.835,0.16249999999999998,335.32,334.91,0.28,-2.4492935982947064e-16,1.0
1980,1,337.9,0.29,19409.793,262,0.003236245954692407,336.9816666666666,0.17999999999999997,336.81,336.14,0.47,0.49999999999999994,0.8660254037844387
1980,2,338.34,0.39,19409.793,263,0.0013021604024858746,337.1191666666667,0.22083333333333333,337.9,336.69,0.29,0.8660254037844386,0.5000000000000001
1980,3,340.07,0.29,19409.793,264,0.00511319973990676,337.26916666666665,0.22916666666666666,338.34,338.27,0.39,1.0,6.123233995736766e-17
1980,4,340.93,0.3,19409.793,265,0.002528891110653797,337.445,0.24166666666666667,340.07,338.82,0.29,0.8660254037844387,-0.4999999999999998
1980,5,341.45,0.35,19409.793,266,0.0015252397852931754,337.62916666666666,0.2683333333333333,340.93,339.24,0.3,0.49999999999999994,-0.8660254037844387
1980,6,341.36,0.2,19409.793,267,-0.0002635817835699994,337.8041666666667,0.2733333333333333,341.45,339.26,0.35,1.2246467991473532e-16,-1.0
1980,7,339.45,0.22,19409.793,268,-0.0055952659948442784,337.9633333333333,0.28833333333333333,341.36,337.54,0.2,-0.4999999999999997,-0.8660254037844388
1980,8,337.67,0.18,19409.793,269,-0.005243776697599012,338.12583333333333,0.29,339.45,335.72,0.22,-0.8660254037844384,-0.5000000000000004
1980,9,336.25,0.2,19409.793,270,-0.004205289187668493,338.31583333333333,0.28583333333333333,337.67,333.97,0.18,-1.0,-1.8369701987210297e-16
1980,10,336.14,0.13,19409.793,271,-0.00032713754646840343,338.4741666666667,0.27499999999999997,336.25,334.24,0.2,-0.8660254037844386,0.5000000000000001
1980,11,337.3,0.29,19409.793,272,0.003450943059439604,338.63916666666665,0.2758333333333333,336.14,335.32,0.13,-0.5000000000000004,0.8660254037844384
1980,12,338.29,0.21,19409.793,273,0.0029350726356358603,338.7625,0.25416666666666665,337.3,336.81,0.29,-2.4492935982947064e-16,1.0
1981,1,339.29,0.53,18879.756,274,0.0029560436312039418,338.8783333333334,0.27416666666666667,338.29,337.9,0.21,0.49999999999999994,0.8660254037844387
1981,2,340.55,0.42,18879.756,275,0.003713637301423489,339.0625,0.27666666666666667,339.29,338.34,0.53,0.8660254037844386,0.5000000000000001
1981,3,341.63,0.48,18879.756,276,0.003171340478637541,339.1925,0.2925,340.55,340.07,0.42,1.0,6.123233995736766e-17
1981,4,342.6,0.32,18879.756,277,0.0028393290987325237,339.33166666666665,0.29416666666666663,341.63,340.93,0.48,0.8660254037844387,-0.4999999999999998
1981,5,343.04,0.24,18879.756,278,0.0012842965557502417,339.46416666666664,0.285,342.6,341.45,0.32,0.49999999999999994,-0.8660254037844387
1981,6,342.54,0.29,18879.756,279,-0.0014575559701492935,339.5625,0.2925,343.04,341.36,0.24,1.2246467991473532e-16,-1.0
1981,7,340.82,0.32,18879.756,280,-0.005021311379692972,339.6766666666667,0.30083333333333334,342.54,339.45,0.29,-0.4999999999999997,-0.8660254037844388
1981,8,338.48,0.35,18879.756,281,-0.00686579426090006,339.7441666666667,0.315,340.82,337.67,0.32,-0.8660254037844384,-0.5000000000000004
1981,9,336.95,0.14,18879.756,282,-0.004520207988655267,339.8025,0.31,338.48,336.25,0.35,-1.0,-1.8369701987210297e-16
1981,10,337.05,0.12,18879.756,283,0.00029677993767629474,339.87833333333333,0.30916666666666665,336.95,336.14,0.14,-0.8660254037844386,0.5000000000000001
1981,11,338.58,0.23,18879.756,284,0.004539385847796895,339.985,0.30416666666666664,337.05,337.3,0.12,-0.5000000000000004,0.8660254037844384
1981,12,339.91,0.41,18879.756,285,0.003928170594837299,340.12,0.3208333333333333,338.58,338.29,0.23,-2.4492935982947064e-16,1.0
1982,1,340.93,0.04,18729.742,286,0.003000794327910228,340.25666666666666,0.27999999999999997,339.91,339.29,0.41,0.49999999999999994,0.8660254037844387
1982,2,341.76,0.15,18729.742,287,0.0024345173496025385,340.3575,0.2575,340.93,340.55,0.04,0.8660254037844386,0.5000000000000001
1982,3,342.78,0.03,18729.742,288,0.002984550561797805,340.4533333333333,0.22,341.76,341.63,0.15,1.0,6.123233995736766e-17
1982,4,343.96,0.15,18729.742,289,0.003442441215940173,340.56666666666666,0.2058333333333333,342.78,342.6,0.03,0.8660254037844387,-0.4999999999999998
1982,5,344.77,0.18,18729.742,290,0.0023549249912779846,340.71083333333337,0.2008333333333333,343.96,343.04,0.15,0.49999999999999994,-0.8660254037844387
1982,6,343.88,0.05,18729.742,291,-0.0025814310989934475,340.8225,0.18083333333333332,344.77,342.54,0.18,1.2246467991473532e-16,-1.0
1982,7,342.42,0.14,18729.742,292,-0.004245667093171979,340.9558333333334,0.1658333333333333,343.88,340.82,0.05,-0.4999999999999997,-0.8660254037844388
1982,8,340.24,0.03,18729.742,293,-0.006366450557794501,341.1025,0.13916666666666663,342.42,338.48,0.14,-0.8660254037844384,-0.5000000000000004
1982,9,338.37,0.13,18729.742,294,-0.005496120385610204,341.2208333333333,0.1383333333333333,340.24,336.95,0.03,-1.0,-1.8369701987210297e-16
1982,10,338.41,0.13,18729.742,295,0.00011821378963872142,341.3341666666667,0.13916666666666663,338.37,337.05,0.13,-0.8660254037844386,0.5000000000000001
1982,11,339.44,0.17,18729.742,296,0.003043645282349683,341.4058333333333,0.13416666666666663,338.41,338.58,0.13,-0.5000000000000004,0.8660254037844384
1982,12,340.78,0.42,18729.742,297,0.003947678529342413,341.4783333333333,0.13499999999999998,339.44,339.91,0.17,-2.4492935982947064e-16,1.0
1983,1,341.57,0.53,18901.775,298,0.002318211162626982,341.5316666666667,0.1758333333333333,340.78,340.93,0.42,0.49999999999999994,0.8660254037844387
1983,2,342.79,0.43,18901.775,299,0.003571742249026677,341.6175,0.19916666666666663,341.57,341.76,0.53,0.8660254037844386,0.5000000000000001
1983,3,343.37,0.41,18901.775,300,0.0016919980162781734,341.6666666666667,0.2308333333333333,342.79,342.78,0.43,1.0,6.123233995736766e-17
1983,4,345.4,0.27,18901.775,301,0.005911989981652432,341.78666666666663,0.24083333333333332,343.37,343.96,0.41,0.8660254037844387,-0.4999999999999998
1983,5,346.14,0.34,18901.775,302,0.0021424435437173983,341.9008333333333,0.25416666666666665,345.4,344.77,0.27,0.49999999999999994,-0.8660254037844387
1983,6,345.76,0.22,18901.775,303,-0.0010978216906454286,342.05749999999995,0.2683333333333333,346.14,343.88,0.34,1.2246467991473532e-16,-1.0
1983,7,344.32,0.18,18901.775,304,-0.004164738546968971,342.21583333333336,0.27166666666666667,345.76,342.42,0.22,-0.4999999999999997,-0.8660254037844388
1983,8,342.51,0.35,18901.775,305,-0.0052567379182155705,342.405,0.2983333333333333,344.32,340.24,0.18,-0.8660254037844384,-0.5000000000000004
1983,9,340.46,0.37,18901.775,306,-0.005985226708709268,342.57916666666665,0.3183333333333333,342.51,338.37,0.35,-1.0,-1.8369701987210297e-16
1983,10,340.53,0.17,18901.775,307,0.00020560418257642432,342.7558333333333,0.32166666666666666,340.46,338.41,0.37,-0.8660254037844386,0.5000000000000001
1983,11,341.79,0.3,18901.775,308,0.0037001145273545255,342.95166666666665,0.33249999999999996,340.53,339.44,0.17,-0.5000000000000004,0.8660254037844384
1983,12,343.2,0.16,18901.775,309,0.004125340121126975,343.15333333333336,0.3108333333333333,341.79,340.78,0.3,-2.4492935982947064e-16,1.0
1984,1,344.21,0.31,19457.25,310,0.0029428904428903113,343.3733333333333,0.2925,343.2,341.57,0.16,0.49999999999999994,0.8660254037844387
1984,2,344.92,0.14,19457.25,311,0.0020626942854653496,343.5508333333333,0.2683333333333333,344.21,342.79,0.31,0.8660254037844386,0.5000000000000001
1984,3,345.68,0.26,19457.25,312,0.002203409486257746,343.74333333333334,0.2558333333333333,344.92,343.37,0.14,1.0,6.123233995736766e-17
1984,4,347.37,0.05,19457.25,313,0.0048889146031010355,343.90749999999997,0.23750000000000002,345.68,345.4,0.26,0.8660254037844387,-0.4999999999999998
1984,5,347.77,0.33,19457.25,314,0.0011515099173791121,344.0433333333333,0.23666666666666666,347.37,346.14,0.05,0.49999999999999994,-0.8660254037844387
1984,6,347.16,0.02,19457.25,315,-0.001754032837794961,344.16,0.21999999999999997,347.77,345.76,0.33,1.2246467991473532e-16,-1.0
1984,7,345.79,0.19,19457.25,316,-0.0039463071782464,344.2825,0.22083333333333333,347.16,344.32,0.02,-0.4999999999999997,-0.8660254037844388
1984,8,343.74,0.19,19457.25,317,-0.005928453685763113,344.385,0.2075,345.79,342.51,0.19,-0.8660254037844384,-0.5000000000000004
1984,9,341.59,0.21,19457.25,318,-0.0062547274102520145,344.4791666666667,0.19416666666666668,343.74,340.46,0.19,-1.0,-1.8369701987210297e-16
1984,10,341.86,0.13,19457.25,319,0.0007904212652596332,344.59,0.1908333333333333,341.59,340.53,0.21,-0.8660254037844386,0.5000000000000001
1984,11,343.31,0.06,19457.25,320,0.004241502369390915,344.7166666666667,0.1708333333333333,341.86,341.79,0.13,-0.5000000000000004,0.8660254037844384
1984,12,345.0,-0.05,19457.25,321,0.004922664647111885,344.86666666666673,0.15333333333333332,343.31,343.2,0.06,-2.4492935982947064e-16,1.0
1985,1,345.48,0.22,20144.863,322,0.0013913043478261944,344.9725,0.14583333333333331,345.0,344.21,-0.05,0.49999999999999994,0.8660254037844387
1985,2,346.41,-0.04,20144.863,323,0.0026919069121222883,345.09666666666664,0.13083333333333333,345.48,344.92,0.22,0.8660254037844386,0.5000000000000001
1985,3,347.91,0.17,20144.863,324,0.004330129037845243,345.2825,0.1233333333333333,346.41,345.68,-0.04,1.0,6.123233995736766e-17
1985,4,348.66,0.12,20144.863,325,0.0021557299301544486,345.39000000000004,0.12916666666666665,347.91,347.37,0.17,0.8660254037844387,-0.4999999999999998
1985,5,349.28,0.14,20144.863,326,0.0017782366775653813,345.5158333333334,0.11333333333333333,348.66,347.77,0.12,0.49999999999999994,-0.8660254037844387
1985,6,348.65,0.15,20144.863,327,-0.0018037104901511558,345.64000000000004,0.12416666666666665,349.28,347.16,0.14,1.2246467991473532e-16,-1.0
1985,7,346.9,0.04,20144.863,328,-0.005019360390076,345.7325,0.11166666666666665,348.65,345.79,0.15,-0.4999999999999997,-0.8660254037844388
1985,8,345.26,0.16,20144.863,329,-0.004727587200922367,345.8591666666666,0.10916666666666665,346.9,343.74,0.04,-0.8660254037844384,-0.5000000000000004
1985,9,343.47,0.13,20144.863,330,-0.005184498638706958,346.0158333333333,0.10249999999999998,345.26,341.59,0.16,-1.0,-1.8369701987210297e-16
1985,10,343.35,0.11,20144.863,331,-0.00034937549130931167,346.14000000000004,0.10083333333333332,343.47,341.86,0.13,-0.8660254037844386,0.5000000000000001
1985,11,344.73,0.05,20144.863,332,0.004019222367846131,346.2583333333334,0.09999999999999998,343.35,343.31,0.11,-0.5000000000000004,0.8660254037844384
1985,12,346.12,0.13,20144.863,333,0.004032141095930086,346.3516666666667,0.11499999999999999,344.73,345.0,0.05,-2.4492935982947064e-16,1.0
1986,1,346.78,0.26,20438.045,334,0.001906853114526763,346.46000000000004,0.11833333333333333,346.12,345.48,0.13,0.49999999999999994,0.8660254037844387
1986,2,347.48,0.37,20438.045,335,0.002018570851836987,346.5491666666667,0.1525,346.78,346.41,0.26,0.8660254037844386,0.5000000000000001
1986,3,348.25,0.3,20438.045,336,0.002215954875100623,346.57750000000004,0.1633333333333333,347.48,347.91,0.37,1.0,6.123233995736766e-17
1986,4,349.86,0.22,20438.045,337,0.004623115577889525,346.6775,0.17166666666666663,348.25,348.66,0.3,0.8660254037844387,-0.4999999999999998
1986,5,350.52,0.21,20438.045,338,0.0018864688732636026,346.7808333333333,0.1775,349.86,349.28,0.22,0.49999999999999994,-0.8660254037844387
1986,6,349.98,0.12,20438.045,339,-0.001540568298527778,346.89166666666665,0.17499999999999996,350.52,348.65,0.21,1.2246467991473532e-16,-1.0
1986,7,348.25,0.11,20438.045,340,-0.0049431396079776535,347.00416666666666,0.18083333333333332,349.98,346.9,0.12,-0.4999999999999997,-0.8660254037844388
1986,8,346.17,0.15,20438.045,341,-0.0059727207465900545,347.08,0.17999999999999997,348.25,345.26,0.11,-0.8660254037844384,-0.5000000000000004
1986,9,345.48,0.03,20438.045,342,-0.001993240315451894,347.2475,0.17166666666666663,346.17,343.47,0.15,-1.0,-1.8369701987210297e-16
1986,10,344.82,0.15,20438.045,343,-0.0019103855505384626,347.36999999999995,0.17499999999999996,345.48,343.35,0.03,-0.8660254037844386,0.5000000000000001
1986,11,346.22,0.1,20438.045,344,0.00406008932196511,347.4941666666667,0.17916666666666667,344.82,344.73,0.15,-0.5000000000000004,0.8660254037844384
1986,12,347.48,0.13,20438.045,345,0.003639304488475492,347.6075,0.1791666666666666,346.22,346.12,0.1,-2.4492935982947064e-16,1.0
1987,1,348.73,0.31,21106.189,346,0.003597329342696076,347.77000000000004,0.18333333333333332,347.48,346.78,0.13,0.49999999999999994,0.8660254037844387
1987,2,348.92,0.43,21106.189,347,0.0005448341123506228,347.89000000000004,0.18833333333333332,348.73,347.48,0.31,0.8660254037844386,0.5000000000000001
1987,3,349.81,0.18,21106.189,348,0.002550727960563881,348.02,0.17833333333333332,348.92,348.25,0.43,1.0,6.123233995736766e-17
1987,4,351.4,0.24,21106.189,349,0.004545324604785295,348.14833333333337,0.17999999999999997,349.81,349.86,0.18,0.8660254037844387,-0.4999999999999998
1987,5,352.15,0.25,21106.189,350,0.002134319863403622,348.28416666666664,0.18333333333333332,351.4,350.52,0.24,0.49999999999999994,-0.8660254037844387
1987,6,351.58,0.35,21106.189,351,-0.0016186284253868477,348.4175,0.20249999999999999,352.15,349.98,0.25,1.2246467991473532e-16,-1.0
1987,7,350.21,0.4,21106.189,352,-0.00389669492007505,348.5808333333334,0.22666666666666666,351.58,348.25,0.35,-0.4999999999999997,-0.8660254037844388
1987,8,348.2,0.24,21106.189,353,-0.005739413494760259,348.75,0.23416666666666663,350.21,346.17,0.4,-0.8660254037844384,-0.5000000000000004
1987,9,346.66,0.35,21106.189,354,-0.0044227455485351674,348.84833333333336,0.2608333333333333,348.2,345.48,0.24,-1.0,-1.8369701987210297e-16
1987,10,346.72,0.32,21106.189,355,0.00017308025154338935,349.00666666666666,0.27499999999999997,346.66,344.82,0.35,-0.8660254037844386,0.5000000000000001
1987,11,348.08,0.29,21106.189,356,0.0039224734656204685,349.1616666666667,0.2908333333333333,346.72,346.22,0.32,-0.5000000000000004,0.8660254037844384
1987,12,349.28,0.46,21106.189,357,0.003447483337163826,349.31166666666667,0.3183333333333333,348.08,347.48,0.29,-2.4492935982947064e-16,1.0
1988,1,350.51,0.56,21918.756,358,0.003521530004580997,349.46000000000004,0.3391666666666666,349.28,348.73,0.46,0.49999999999999994,0.8660254037844387
1988,2,351.7,0.44,21918.756,359,0.00339505292288389,349.69166666666666,0.34,350.51,348.92,0.56,0.8660254037844386,0.5000000000000001
1988,3,352.5,0.51,21918.756,360,0.0022746659084447174,349.9158333333333,0.3675,351.7,349.81,0.44,1.0,6.123233995736766e-17
1988,4,353.67,0.42,21918.756,361,0.0033191489361703574,350.105,0.3825,352.5,351.4,0.51,0.8660254037844387,-0.4999999999999998
1988,5,354.35,0.44,21918.756,362,0.0019226962988097007,350.28833333333336,0.39833333333333326,353.67,352.15,0.42,0.49999999999999994,-0.8660254037844387
1988,6,353.88,0.4,21918.756,363,-0.0013263722308453074,350.48,0.4025,354.35,351.58,0.44,1.2246467991473532e-16,-1.0
1988,7,352.8,0.33,21918.756,364,-0.003051881993896166,350.6958333333334,0.39666666666666667,353.88,350.21,0.4,-0.4999999999999997,-0.8660254037844388
1988,8,350.49,0.39,21918.756,365,-0.006547619047619024,350.8866666666667,0.4091666666666666,352.8,348.2,0.33,-0.8660254037844384,-0.5000000000000004
1988,9,348.97,0.37,21918.756,366,-0.00433678564295692,351.0791666666667,0.41083333333333333,350.49,346.66,0.39,-1.0,-1.8369701987210297e-16
1988,10,349.37,0.37,21918.756,367,0.0011462303349858427,351.3,0.415,348.97,346.72,0.37,-0.8660254037844386,0.5000000000000001
1988,11,350.42,0.12,21918.756,368,0.003005409737527609,351.49500000000006,0.4008333333333333,349.37,348.08,0.37,-0.5000000000000004,0.8660254037844384
1988,12,351.62,0.29,21918.756,369,0.003424462074082424,351.69,0.38666666666666666,350.42,349.28,0.12,-2.4492935982947064e-16,1.0
1989,1,353.07,0.12,22200.213,370,0.004123769978954472,351.90333333333336,0.3499999999999999,351.62,350.51,0.29,0.49999999999999994,0.8660254037844387
1989,2,353.43,0.29,22200.213,371,0.0010196278358398647,352.04750000000007,0.33749999999999997,353.07,351.7,0.12,0.8660254037844386,0.5000000000000001
1989,3,354.08,0.36,22200.213,372,0.001839119486178209,352.17916666666673,0.325,353.43,352.5,0.29,1.0,6.123233995736766e-17
1989,4,355.72,0.29,22200.213,373,0.00463172164482617,352.3500000000001,0.31416666666666665,354.08,353.67,0.36,0.8660254037844387,-0.4999999999999998
1989,5,355.95,0.17,22200.213,374,0.0006465759586189446,352.48333333333335,0.29166666666666663,355.72,354.35,0.29,0.49999999999999994,-0.8660254037844387
1989,6,355.44,0.15,22200.213,375,-0.001432785503581946,352.6133333333334,0.2708333333333333,355.95,353.88,0.17,1.2246467991473532e-16,-1.0
1989,7,354.05,0.34,22200.213,376,-0.003910645959936954,352.7175,0.27166666666666667,355.44,352.8,0.15,-0.4999999999999997,-0.8660254037844388
1989,8,351.84,0.33,22200.213,377,-0.006242056206750557,352.83,0.26666666666666666,354.05,350.49,0.34,-0.8660254037844384,-0.5000000000000004
1989,9,350.09,0.34,22200.213,378,-0.004973851750795788,352.92333333333335,0.26416666666666666,351.84,348.97,0.33,-1.0,-1.8369701987210297e-16
1989,10,350.33,0.29,22200.213,379,0.0006855380045132087,353.00333333333333,0.2575,350.09,349.37,0.34,-0.8660254037844386,0.5000000000000001
1989,11,351.55,0.19,22200.213,380,0.003482430850912044,353.0975,0.2633333333333333,350.33,350.42,0.29,-0.5000000000000004,0.8660254037844384
1989,12,352.91,0.37,22200.213,381,0.00386858199402651,353.205,0.26999999999999996,351.55,351.62,0.19,-2.4492935982947064e-16,1.0
1990,1,353.86,0.41,22732.145,382,0.002691904451559868,353.2708333333333,0.29416666666666663,352.91,353.07,0.37,0.49999999999999994,0.8660254037844387
1990,2,355.1,0.43,22732.145,383,0.0035042107047984494,353.41,0.30583333333333335,353.86,353.43,0.41,0.8660254037844386,0.5000000000000001
1990,3,355.75,0.8,22732.145,384,0.0018304702900591163,353.5491666666667,0.34249999999999997,355.1,354.08,0.43,1.0,6.123233995736766e-17
1990,4,356.38,0.56,22732.145,385,0.0017709065354882814,353.6041666666667,0.365,355.75,355.72,0.8,0.8660254037844387,-0.4999999999999998
1990,5,357.38,0.45,22732.145,386,0.0028059936023345777,353.72333333333336,0.38833333333333336,356.38,355.95,0.56,0.49999999999999994,-0.8660254037844387
1990,6,356.39,0.37,22732.145,387,-0.002770160613352779,353.8025,0.4066666666666667,357.38,355.44,0.45,1.2246467991473532e-16,-1.0
1990,7,354.89,0.46,22732.145,388,-0.004208872302814304,353.8725,0.4166666666666667,356.39,354.05,0.37,-0.4999999999999997,-0.8660254037844388
1990,8,353.06,0.34,22732.145,389,-0.0051565273746794205,353.97416666666663,0.4175,354.89,351.84,0.46,-0.8660254037844384,-0.5000000000000004
1990,9,351.38,0.23,22732.145,390,-0.004758398006004638,354.0816666666667,0.40833333333333327,353.06,350.09,0.34,-1.0,-1.8369701987210297e-16
1990,10,351.69,0.44,22732.145,391,0.0008822357561615313,354.195,0.42083333333333334,351.38,350.33,0.23,-0.8660254037844386,0.5000000000000001
1990,11,353.14,0.46,22732.145,392,0.004122949188205549,354.32750000000004,0.44333333333333336,351.69,351.55,0.44,-0.5000000000000004,0.8660254037844384
1990,12,354.41,0.4,22732.145,393,0.003596307413490596,354.45250000000004,0.4458333333333333,353.14,352.91,0.46,-2.4492935982947064e-16,1.0
1991,1,354.93,0.42,23205.592,394,0.0014672272227080896,354.5416666666667,0.4466666666666666,354.41,353.86,0.4,0.49999999999999994,0.8660254037844387
1991,2,355.82,0.5,23205.592,395,0.0025075366973768,354.6016666666667,0.45249999999999996,354.93,355.1,0.42,0.8660254037844386,0.5000000000000001
1991,3,357.33,0.35,23205.592,396,0.004243718734191493,354.73333333333335,0.415,355.82,355.75,0.5,1.0,6.123233995736766e-17
1991,4,358.77,0.51,23205.592,397,0.00402988833851059,354.93249999999995,0.41083333333333333,357.33,356.38,0.35,0.8660254037844387,-0.4999999999999998
1991,5,359.23,0.34,23205.592,398,0.0012821584859381563,355.08666666666664,0.4016666666666666,358.77,357.38,0.51,0.49999999999999994,-0.8660254037844387
1991,6,358.23,0.53,23205.592,399,-0.00278373187094616,355.24,0.415,359.23,356.39,0.34,1.2246467991473532e-16,-1.0
1991,7,356.3,0.47,23205.592,400,-0.005387600145158156,355.3575,0.4158333333333333,358.23,354.89,0.53,-0.4999999999999997,-0.8660254037844388
1991,8,353.97,0.39,23205.592,401,-0.006539433062026312,355.43333333333334,0.42,356.3,353.06,0.47,-0.8660254037844384,-0.5000000000000004
1991,9,352.34,0.44,23205.592,402,-0.004604910020623354,355.5133333333333,0.4375,353.97,351.38,0.39,-1.0,-1.8369701987210297e-16
1991,10,352.43,0.29,23205.592,403,0.0002554350911052605,355.575,0.425,352.34,351.69,0.44,-0.8660254037844386,0.5000000000000001
1991,11,353.89,0.29,23205.592,404,0.004142666628834002,355.63750000000005,0.41083333333333333,352.43,353.14,0.29,-0.5000000000000004,0.8660254037844384
1991,12,355.21,0.32,23205.592,405,0.0037299725903530145,355.70416666666665,0.4041666666666666,353.89,354.41,0.29,-2.4492935982947064e-16,1.0
1992,1,356.34,0.47,22520.424,406,0.003181216745024029,355.82166666666666,0.40833333333333327,355.21,354.93,0.32,0.49999999999999994,0.8660254037844387
1992,2,357.21,0.4,22520.424,407,0.0024414884660717284,355.9375,0.39999999999999997,356.34,355.82,0.47,0.8660254037844386,0.5000000000000001
1992,3,357.97,0.48,22520.424,408,0.0021276000111980498,355.9908333333333,0.41083333333333333,357.21,357.33,0.4,1.0,6.123233995736766e-17
1992,4,359.22,0.27,22520.424,409,0.003491912730116953,356.02833333333336,0.39083333333333337,357.97,358.77,0.48,0.8660254037844387,-0.4999999999999998
1992,5,359.71,0.31,22520.424,410,0.0013640665887197923,356.0683333333333,0.38833333333333325,359.22,359.23,0.27,0.49999999999999994,-0.8660254037844387
1992,6,359.44,0.25,22520.424,411,-0.0007506046537487654,356.1691666666666,0.365,359.71,358.23,0.31,1.2246467991473532e-16,-1.0
1992,7,357.15,0.09,22520.424,412,-0.0063710215891387145,356.24,0.3333333333333333,359.44,356.3,0.25,-0.4999999999999997,-0.8660254037844388
1992,8,354.99,0.08,22520.424,413,-0.006047879042419102,356.325,0.30749999999999994,357.15,353.97,0.09,-0.8660254037844384,-0.5000000000000004
1992,9,353.01,-0.01,22520.424,414,-0.005577621904842456,356.3808333333333,0.26999999999999996,354.99,352.34,0.08,-1.0,-1.8369701987210297e-16
1992,10,353.4,0.06,22520.424,415,0.0011047845670093537,356.46166666666664,0.2508333333333333,353.01,352.43,-0.01,-0.8660254037844386,0.5000000000000001
1992,11,354.42,0.02,22520.424,416,0.0028862478777589295,356.5058333333333,0.2283333333333333,353.4,353.89,0.06,-0.5000000000000004,0.8660254037844384
1992,12,355.68,0.21,22520.424,417,0.003555104113763363,356.545,0.21916666666666665,354.42,355.21,0.02,-2.4492935982947064e-16,1.0
1993,1,357.1,0.34,22749.873,418,0.003992352676563282,356.60833333333335,0.20833333333333334,355.68,356.34,0.21,0.49999999999999994,0.8660254037844387
1993,2,357.42,0.37,22749.873,419,0.0008961075329039225,356.62583333333333,0.2058333333333333,357.1,357.21,0.34,0.8660254037844386,0.5000000000000001
1993,3,358.59,0.36,22749.873,420,0.0032734597951988853,356.6775,0.1958333333333333,357.42,357.97,0.37,1.0,6.123233995736766e-17
1993,4,359.39,0.27,22749.873,421,0.002230960149474326,356.6916666666666,0.1958333333333333,358.59,359.22,0.36,0.8660254037844387,-0.4999999999999998
1993,5,360.3,0.28,22749.873,422,0.0025320682267175876,356.74083333333334,0.19333333333333327,359.39,359.71,0.27,0.49999999999999994,-0.8660254037844387
1993,6,359.64,0.22,22749.873,423,-0.0018318068276437227,356.7575,0.1908333333333333,360.3,359.44,0.28,1.2246467991473532e-16,-1.0
1993,7,357.45,0.25,22749.873,424,-0.006089422756089369,356.7825,0.20416666666666664,359.64,357.15,0.22,-0.4999999999999997,-0.8660254037844388
1993,8,355.76,0.11,22749.873,425,-0.004727933976779952,356.84666666666664,0.20666666666666664,357.45,354.99,0.25,-0.8660254037844384,-0.5000000000000004
1993,9,354.14,0.11,22749.873,426,-0.004553631661794455,356.94083333333333,0.21666666666666667,355.76,353.01,0.11,-1.0,-1.8369701987210297e-16
1993,10,354.23,0.23,22749.873,427,0.000254136782063652,357.01,0.23083333333333333,354.14,353.4,0.11,-0.8660254037844386,0.5000000000000001
1993,11,355.53,0.03,22749.873,428,0.0036699319651072315,357.10249999999996,0.23166666666666666,354.23,354.42,0.23,-0.5000000000000004,0.8660254037844384
1993,12,357.03,0.18,22749.873,429,0.004219053244451931,357.215,0.22916666666666666,355.53,355.68,0.03,-2.4492935982947064e-16,1.0
1994,1,358.36,0.26,22974.598,430,0.0037251771559814184,357.32,0.2225,357.03,357.1,0.18,0.49999999999999994,0.8660254037844387
1994,2,359.04,0.02,22974.598,431,0.00189753320683117,357.455,0.19333333333333333,358.36,357.42,0.26,0.8660254037844386,0.5000000000000001
1994,3,360.11,0.29,22974.598,432,0.002980169340463412,357.58166666666665,0.1875,359.04,358.59,0.02,1.0,6.123233995736766e-17
1994,4,361.36,0.41,22974.598,433,0.0034711615895142156,357.74583333333334,0.19916666666666663,360.11,359.39,0.29,0.8660254037844387,-0.4999999999999998
1994,5,361.78,0.28,22974.598,434,0.001162275846800842,357.8691666666666,0.19916666666666663,361.36,360.3,0.41,0.49999999999999994,-0.8660254037844387
1994,6,360.94,0.43,22974.598,435,-0.002321853059870538,357.97749999999996,0.21666666666666665,361.78,359.64,0.28,1.2246467991473532e-16,-1.0
1994,7,359.51,0.3,22974.598,436,-0.003961877320330265,358.14916666666664,0.22083333333333333,360.94,357.45,0.43,-0.4999999999999997,-0.8660254037844388
1994,8,357.59,0.21,22974.598,437,-0.005340602486718082,358.3016666666667,0.22916666666666666,359.51,355.76,0.3,-0.8660254037844384,-0.5000000000000004
1994,9,355.86,0.31,22974.598,438,-0.004837942895494773,358.445,0.24583333333333332,357.59,354.14,0.21,-1.0,-1.8369701987210297e-16
1994,10,356.21,0.42,22974.598,439,0.000983532849997193,358.60999999999996,0.26166666666666666,355.86,354.23,0.31,-0.8660254037844386,0.5000000000000001
1994,11,357.65,0.44,22974.598,440,0.004042559164537662,358.7866666666667,0.29583333333333334,356.21,355.53,0.42,-0.5000000000000004,0.8660254037844384
1994,12,359.1,0.38,22974.598,441,0.004054242974975697,358.9591666666667,0.31249999999999994,357.65,357.03,0.44,-2.4492935982947064e-16,1.0
1995,1,360.04,0.52,23516.639,442,0.0026176552492342964,359.09916666666663,0.33416666666666667,359.1,358.36,0.38,0.49999999999999994,0.8660254037844387
1995,2,361.0,0.79,23516.639,443,0.0026663704032885427,359.2625,0.3983333333333334,360.04,359.04,0.52,0.8660254037844386,0.5000000000000001
1995,3,361.98,0.46,23516.639,444,0.0027146814404432895,359.4183333333333,0.41250000000000003,361.0,360.11,0.79,1.0,6.123233995736766e-17
1995,4,363.44,0.46,23516.639,445,0.0040333720095031556,359.5916666666667,0.4166666666666667,361.98,361.36,0.46,0.8660254037844387,-0.4999999999999998
1995,5,363.83,0.27,23516.639,446,0.0010730794629099094,359.7625,0.4158333333333333,363.44,361.78,0.46,0.49999999999999994,-0.8660254037844387
1995,6,363.33,0.43,23516.639,447,-0.0013742682021823382,359.96166666666664,0.41583333333333333,363.83,360.94,0.27,1.2246467991473532e-16,-1.0
1995,7,361.78,0.45,23516.639,448,-0.004266094184350311,360.15083333333337,0.4283333333333333,363.33,359.51,0.43,-0.4999999999999997,-0.8660254037844388
1995,8,359.33,0.45,23516.639,449,-0.006772071424622661,360.29583333333335,0.4483333333333333,361.78,357.59,0.45,-0.8660254037844384,-0.5000000000000004
1995,9,358.32,0.33,23516.639,450,-0.0028107867419919774,360.50083333333333,0.44999999999999996,359.33,355.86,0.45,-1.0,-1.8369701987210297e-16
1995,10,358.14,0.46,23516.639,451,-0.0005023442732753347,360.66166666666663,0.4533333333333333,358.32,356.21,0.33,-0.8660254037844386,0.5000000000000001
1995,11,359.61,0.44,23516.639,452,0.004104540123973877,360.825,0.45333333333333337,358.14,357.65,0.46,-0.5000000000000004,0.8660254037844384
1995,12,360.82,0.26,23516.639,453,0.0033647562637300066,360.9683333333333,0.44333333333333336,359.61,359.1,0.44,-2.4492935982947064e-16,1.0
1996,1,362.2,0.24,24233.477,454,0.003824621695027952,361.1483333333333,0.42,360.82,360.04,0.26,0.49999999999999994,0.8660254037844387
1996,2,363.36,0.46,24233.477,455,0.0032026504693540847,361.34499999999997,0.3925,362.2,361.0,0.24,0.8660254037844386,0.5000000000000001
1996,3,364.28,0.32,24233.477,456,0.0025319242624393112,361.53666666666663,0.38083333333333336,363.36,361.98,0.46,1.0,6.123233995736766e-17
1996,4,364.69,0.33,24233.477,457,0.0011255078511036576,361.6408333333334,0.36999999999999994,364.28,363.44,0.32,0.8660254037844387,-0.4999999999999998
1996,5,365.25,0.27,24233.477,458,0.001535550741725844,361.75916666666666,0.37000000000000005,364.69,363.83,0.33,0.49999999999999994,-0.8660254037844387
1996,6,365.06,0.25,24233.477,459,-0.0005201916495550796,361.90333333333336,0.355,365.25,363.33,0.27,1.2246467991473532e-16,-1.0
1996,7,363.69,0.36,24233.477,460,-0.003752807757628873,362.0625,0.3475,365.06,361.78,0.25,-0.4999999999999997,-0.8660254037844388
1996,8,361.55,0.48,24233.477,461,-0.005884132090516636,362.2475,0.35000000000000003,363.69,359.33,0.36,-0.8660254037844384,-0.5000000000000004
1996,9,359.69,0.25,24233.477,462,-0.005144516664361776,362.3616666666667,0.3433333333333333,361.55,358.32,0.48,-1.0,-1.8369701987210297e-16
1996,10,359.72,0.22,24233.477,463,8.340515443872043e-05,362.49333333333334,0.3233333333333333,359.69,358.14,0.25,-0.8660254037844386,0.5000000000000001
1996,11,361.04,0.41,24233.477,464,0.003669520738352139,362.6125,0.3208333333333333,359.72,359.61,0.22,-0.5000000000000004,0.8660254037844384
1996,12,362.39,0.37,24233.477,465,0.0037391978728118502,362.74333333333334,0.33,361.04,360.82,0.41,-2.4492935982947064e-16,1.0
1997,1,363.24,0.32,24380.322,466,0.002345539336074509,362.83,0.33666666666666667,362.39,362.2,0.37,0.49999999999999994,0.8660254037844387
1997,2,364.21,0.4,24380.322,467,0.002670410747714902,362.9008333333333,0.33166666666666667,363.24,363.36,0.32,0.8660254037844386,0.5000000000000001
1997,3,364.65,0.52,24380.322,468,0.001208094231349932,362.9316666666667,0.34833333333333333,364.21,364.28,0.4,1.0,6.123233995736766e-17
1997,4,366.49,0.33,24380.322,469,0.005045934457699186,363.0816666666667,0.34833333333333333,364.65,364.69,0.52,0.8660254037844387,-0.4999999999999998
1997,5,366.77,0.34,24380.322,470,0.0007640044748833397,363.2083333333333,0.3541666666666667,366.49,365.25,0.33,0.49999999999999994,-0.8660254037844387
1997,6,365.73,0.54,24380.322,471,-0.0028355645227252646,363.26416666666665,0.37833333333333335,366.77,365.06,0.34,1.2246467991473532e-16,-1.0
1997,7,364.46,0.33,24380.322,472,-0.003472507040713224,363.3283333333334,0.3758333333333333,365.73,363.69,0.54,-0.4999999999999997,-0.8660254037844388
1997,8,362.4,0.41,24380.322,473,-0.005652197772046286,363.39916666666664,0.37000000000000005,364.46,361.55,0.33,-0.8660254037844384,-0.5000000000000004
1997,9,360.44,0.52,24380.322,474,-0.005408388520971252,363.46166666666664,0.3925,362.4,359.69,0.41,-1.0,-1.8369701987210297e-16
1997,10,360.97,0.61,24380.322,475,0.0014704250360670912,363.56583333333333,0.425,360.44,359.72,0.52,-0.8660254037844386,0.5000000000000001
1997,11,362.65,0.64,24380.322,476,0.004654126381693713,363.7,0.44416666666666665,360.97,361.04,0.61,-0.5000000000000004,0.8660254037844384
1997,12,364.51,0.59,24380.322,477,0.005128912174272804,363.8766666666666,0.46249999999999997,362.65,362.39,0.64,-2.4492935982947064e-16,1.0
1998,1,365.39,0.58,24295.713,478,0.0024141998847768686,364.05583333333334,0.48416666666666663,364.51,363.24,0.59,0.49999999999999994,0.8660254037844387
1998,2,366.1,0.88,24295.713,479,0.0019431292591478577,364.2133333333333,0.5241666666666666,365.39,364.21,0.58,0.8660254037844386,0.5000000000000001
1998,3,367.36,0.63,24295.713,480,0.0034416826003824674,364.4391666666666,0.5333333333333333,366.1,364.65,0.88,1.0,6.123233995736766e-17
1998,4,368.79,0.63,24295.713,481,0.0038926393728222486,364.6308333333333,0.5583333333333332,367.36,366.49,0.63,0.8660254037844387,-0.4999999999999998
1998,5,369.56,0.68,24295.713,482,0.0020879091081644763,364.8633333333333,0.5866666666666667,368.79,366.77,0.63,0.49999999999999994,-0.8660254037844387
1998,6,369.13,0.77,24295.713,483,-0.0011635458382942554,365.1466666666667,0.6058333333333333,369.56,365.73,0.68,1.2246467991473532e-16,-1.0
1998,7,367.98,0.66,24295.713,484,-0.003115433587083105,365.44,0.6333333333333333,369.13,364.46,0.77,-0.4999999999999997,-0.8660254037844388
1998,8,366.1,0.65,24295.713,485,-0.005108973313767029,365.7483333333333,0.6533333333333333,367.98,362.4,0.66,-0.8660254037844384,-0.5000000000000004
1998,9,364.16,0.42,24295.713,486,-0.005299098606938002,366.05833333333334,0.645,366.1,360.44,0.65,-1.0,-1.8369701987210297e-16
1998,10,364.54,0.42,24295.713,487,0.0010434973637960532,366.35583333333335,0.6291666666666667,364.16,360.97,0.42,-0.8660254037844386,0.5000000000000001
1998,11,365.67,0.43,24295.713,488,0.0030997970044439604,366.6075,0.6116666666666667,364.54,362.65,0.42,-0.5000000000000004,0.8660254037844384
1998,12,367.3,0.54,24295.713,489,0.004457571033992469,366.84,0.6075,365.67,364.51,0.43,-2.4492935982947064e-16,1.0
1999,1,368.35,0.48,24837.771,490,0.002858698611489352,367.08666666666664,0.5991666666666667,367.3,365.39,0.54,0.49999999999999994,0.8660254037844387
1999,2,369.28,0.64,24837.771,491,0.002524772634722172,367.3516666666667,0.5791666666666667,368.35,366.1,0.48,0.8660254037844386,0.5000000000000001
1999,3,369.84,0.32,24837.771,492,0.0015164644714038555,367.55833333333334,0.5533333333333333,369.28,367.36,0.64,1.0,6.123233995736766e-17
1999,4,371.15,0.31,24837.771,493,0.0035420722474583943,367.75499999999994,0.5266666666666666,369.84,368.79,0.32,0.8660254037844387,-0.4999999999999998
1999,5,371.12,0.26,24837.771,494,-8.082985315904789e-05,367.885,0.4916666666666667,371.15,369.56,0.31,0.49999999999999994,-0.8660254037844387
1999,6,370.46,0.36,24837.771,495,-0.001778400517352896,367.99583333333334,0.45749999999999996,371.12,369.13,0.26,1.2246467991473532e-16,-1.0
1999,7,369.61,0.38,24837.771,496,-0.002294444744371793,368.13166666666666,0.43416666666666665,370.46,367.98,0.36,-0.4999999999999997,-0.8660254037844388
1999,8,367.06,0.31,24837.771,497,-0.0068991639836585295,368.21166666666664,0.4058333333333333,369.61,366.1,0.38,-0.8660254037844384,-0.5000000000000004
1999,9,364.95,0.38,24837.771,498,-0.005748379011605742,368.2775,0.4025,367.06,364.16,0.31,-1.0,-1.8369701987210297e-16
1999,10,365.52,0.34,24837.771,499,0.0015618577887381857,368.3591666666667,0.3958333333333333,364.95,364.54,0.38,-0.8660254037844386,0.5000000000000001
1999,11,366.88,0.37,24837.771,500,0.0037207266360255176,368.46000000000004,0.3908333333333333,365.52,365.67,0.34,-0.5000000000000004,0.8660254037844384
1999,12,368.26,0.4,24837.771,501,0.0037614478848668753,368.53999999999996,0.3791666666666667,366.88,367.3,0.37,-2.4492935982947064e-16,1.0
2000,1,369.45,0.25,25511.482,502,0.0032314125889316703,368.63166666666666,0.36000000000000004,368.26,368.35,0.4,0.49999999999999994,0.8660254037844387
2000,2,369.71,0.55,25511.482,503,0.0007037488158072591,368.66749999999996,0.3525,369.45,369.28,0.25,0.8660254037844386,0.5000000000000001
2000,3,370.75,0.55,25511.482,504,0.0028130156068271184,368.74333333333334,0.37166666666666665,369.71,369.84,0.55,1.0,6.123233995736766e-17
2000,4,371.98,0.56,25511.482,505,0.003317599460552989,368.8125,0.39250000000000007,370.75,371.15,0.55,0.8660254037844387,-0.4999999999999998
2000,5,371.75,0.35,25511.482,506,-0.0006183128125168968,368.865,0.39999999999999997,371.98,371.12,0.56,0.49999999999999994,-0.8660254037844387
2000,6,371.87,0.4,25511.482,507,0.000322797579018097,368.9825,0.4033333333333333,371.75,370.46,0.35,1.2246467991473532e-16,-1.0
2000,7,370.02,0.39,25511.482,508,-0.004974856804797478,369.01666666666665,0.4041666666666666,371.87,369.61,0.4,-0.4999999999999997,-0.8660254037844388
2000,8,368.27,0.42,25511.482,509,-0.0047294740824820325,369.1175,0.41333333333333333,370.02,367.06,0.39,-0.8660254037844384,-0.5000000000000004
2000,9,367.15,0.38,25511.482,510,-0.0030412469112336415,369.3008333333333,0.41333333333333333,368.27,364.95,0.42,-1.0,-1.8369701987210297e-16
2000,10,367.18,0.26,25511.482,511,8.171047255900454e-05,369.4391666666667,0.4066666666666667,367.15,365.52,0.38,-0.8660254037844386,0.5000000000000001
2000,11,368.53,0.3,25511.482,512,0.003676670842638341,369.57666666666665,0.4008333333333334,367.18,366.88,0.26,-0.5000000000000004,0.8660254037844384
2000,12,369.83,0.27,25511.482,513,0.003527528288063353,369.7075,0.38999999999999996,368.53,368.26,0.3,-2.4492935982947064e-16,1.0
2001,1,370.76,0.45,25692.994,514,0.0025146689019279744,369.81666666666666,0.4066666666666667,369.83,369.45,0.27,0.49999999999999994,0.8660254037844387
2001,2,371.69,0.43,25692.994,515,0.0025083612040133207,369.9816666666666,0.39666666666666667,370.76,369.71,0.45,0.8660254037844386,0.5000000000000001
2001,3,372.63,0.55,25692.994,516,0.002528989211439736,370.1383333333333,0.39666666666666667,371.69,370.75,0.43,1.0,6.123233995736766e-17
2001,4,373.55,0.5,25692.994,517,0.0024689370152699563,370.26916666666665,0.3916666666666666,372.63,371.98,0.55,0.8660254037844387,-0.4999999999999998
2001,5,374.03,0.57,25692.994,518,0.0012849685450406767,370.4591666666667,0.41,373.55,371.75,0.5,0.49999999999999994,-0.8660254037844387
2001,6,373.4,0.52,25692.994,519,-0.0016843568697697542,370.58666666666664,0.41999999999999993,374.03,371.87,0.57,1.2246467991473532e-16,-1.0
2001,7,371.68,0.59,25692.994,520,-0.004606320299946343,370.72499999999997,0.4366666666666667,373.4,370.02,0.52,-0.4999999999999997,-0.8660254037844388
2001,8,369.78,0.48,25692.994,521,-0.005111924235901899,370.85083333333336,0.44166666666666665,371.68,368.27,0.59,-0.8660254037844384,-0.5000000000000004
2001,9,368.34,0.51,25692.994,522,-0.003894207366542224,370.95,0.45249999999999996,369.78,367.15,0.48,-1.0,-1.8369701987210297e-16
2001,10,368.61,0.49,25692.994,523,0.0007330184069067602,371.06916666666666,0.4716666666666666,368.34,367.18,0.51,-0.8660254037844386,0.5000000000000001
2001,11,369.94,0.72,25692.994,524,0.003608149534738647,371.18666666666667,0.5066666666666666,368.61,368.53,0.49,-0.5000000000000004,0.8660254037844384
2001,12,371.42,0.55,25692.994,525,0.004000648753851976,371.31916666666666,0.53,369.94,369.83,0.72,-2.4492935982947064e-16,1.0
2002,1,372.7,0.76,26265.332,526,0.0034462333746163587,371.48083333333335,0.5558333333333333,371.42,370.76,0.55,0.49999999999999994,0.8660254037844387
2002,2,373.37,0.78,26265.332,527,0.0017976925140863464,371.62083333333334,0.5850000000000001,372.7,371.69,0.76,0.8660254037844386,0.5000000000000001
2002,3,374.3,0.88,26265.332,528,0.002490826793797085,371.76,0.6124999999999999,373.37,372.63,0.78,1.0,6.123233995736766e-17
2002,4,375.19,0.57,26265.332,529,0.0023777718407693715,371.8966666666667,0.6183333333333333,374.3,373.55,0.88,0.8660254037844387,-0.4999999999999998
2002,5,375.93,0.64,26265.332,530,0.001972334017431132,372.055,0.6241666666666666,375.19,374.03,0.57,0.49999999999999994,-0.8660254037844387
2002,6,375.69,0.53,26265.332,531,-0.0006384167265182095,372.24583333333334,0.625,375.93,373.4,0.64,1.2246467991473532e-16,-1.0
2002,7,374.16,0.61,26265.332,532,-0.004072506587878277,372.45250000000004,0.6266666666666666,375.69,371.68,0.53,-0.4999999999999997,-0.8660254037844388
2002,8,372.03,0.53,26265.332,533,-0.0056927517639513425,372.64000000000004,0.6308333333333334,374.16,369.78,0.61,-0.8660254037844384,-0.5000000000000004
2002,9,370.92,0.63,26265.332,534,-0.002983630352390798,372.855,0.6408333333333333,372.03,368.34,0.53,-1.0,-1.8369701987210297e-16
2002,10,370.73,0.54,26265.332,535,-0.0005122398360832836,373.0316666666666,0.645,370.92,368.61,0.63,-0.8660254037844386,0.5000000000000001
2002,11,372.43,0.59,26265.332,536,0.004585547433442194,373.2391666666667,0.6341666666666667,370.73,369.94,0.54,-0.5000000000000004,0.8660254037844384
2002,12,373.98,0.44,26265.332,537,0.004161855919233126,373.45250000000004,0.625,372.43,371.42,0.59,-2.4492935982947064e-16,1.0
2003,1,375.07,0.74,27652.691,538,0.0029145943633348548,373.65000000000003,0.6233333333333334,373.98,372.7,0.44,0.49999999999999994,0.8660254037844387
2003,2,375.82,0.58,27652.691,539,0.0019996267363424636,373.8541666666667,0.6066666666666666,375.07,373.37,0.74,0.8660254037844386,0.5000000000000001
2003,3,376.64,0.6,27652.691,540,0.0021818955883134983,374.0491666666667,0.5833333333333334,375.82,374.3,0.58,1.0,6.123233995736766e-17
2003,4,377.92,0.55,27652.691,541,0.003398470688190436,374.27666666666664,0.5816666666666667,376.64,375.19,0.6,0.8660254037844387,-0.4999999999999998
2003,5,378.78,0.6,27652.691,542,0.0022756138865367426,374.51416666666665,0.5783333333333333,377.92,375.93,0.55,0.49999999999999994,-0.8660254037844387
2003,6,378.46,0.47,27652.691,543,-0.0008448175722054474,374.74499999999995,0.5733333333333334,378.78,375.69,0.6,1.2246467991473532e-16,-1.0
2003,7,376.88,0.58,27652.691,544,-0.004174813718754944,374.97166666666664,0.5708333333333333,378.46,374.16,0.47,-0.4999999999999997,-0.8660254037844388
2003,8,374.57,0.64,27652.691,545,-0.0061292719167904686,375.18333333333334,0.58,376.88,372.03,0.58,-0.8660254037844384,-0.5000000000000004
2003,9,373.34,0.62,27652.691,546,-0.0032837653843074133,375.385,0.5791666666666667,374.57,370.92,0.64,-1.0,-1.8369701987210297e-16
2003,10,373.31,0.72,27652.691,547,-8.035570793374358e-05,375.59999999999997,0.5941666666666666,373.34,370.73,0.62,-0.8660254037844386,0.5000000000000001
2003,11,374.84,0.52,27652.691,548,0.004098470440116797,375.8008333333333,0.5883333333333334,373.31,372.43,0.72,-0.5000000000000004,0.8660254037844384
2003,12,376.17,0.74,27652.691,549,0.003548180557037872,375.9833333333333,0.6133333333333333,374.84,373.98,0.52,-2.4492935982947064e-16,1.0
2004,1,377.17,0.57,28610.023,550,0.0026583725443283246,376.1583333333333,0.5991666666666666,376.17,375.07,0.74,0.49999999999999994,0.8660254037844387
2004,2,378.05,0.72,28610.023,551,0.0023331654161253823,376.3441666666667,0.6108333333333332,377.17,375.82,0.57,0.8660254037844386,0.5000000000000001
2004,3,379.06,0.63,28610.023,552,0.0026716042851473443,376.54583333333335,0.6133333333333333,378.05,376.64,0.72,1.0,6.123233995736766e-17
2004,4,380.54,0.6,28610.023,553,0.003904395082572787,376.76416666666665,0.6175,379.06,377.92,0.63,0.8660254037844387,-0.4999999999999998
2004,5,380.8,0.36,28610.023,554,0.0006832396068743307,376.93250000000006,0.5974999999999999,380.54,378.78,0.6,0.49999999999999994,-0.8660254037844387
2004,6,379.87,0.43,28610.023,555,-0.0024422268907563494,377.05,0.5941666666666666,380.8,378.46,0.36,1.2246467991473532e-16,-1.0
2004,7,377.65,0.25,28610.023,556,-0.00584410456208706,377.1141666666667,0.5666666666666667,379.87,376.88,0.43,-0.4999999999999997,-0.8660254037844388
2004,8,376.17,0.44,28610.023,557,-0.003918972593671244,377.2475,0.5499999999999999,377.65,374.57,0.25,-0.8660254037844384,-0.5000000000000004
2004,9,374.43,0.5,28610.023,558,-0.004625568227131338,377.33833333333337,0.5399999999999999,376.17,373.34,0.44,-1.0,-1.8369701987210297e-16
2004,10,374.63,0.6,28610.023,559,0.0005341452340890118,377.4483333333333,0.5299999999999999,374.43,373.31,0.5,-0.8660254037844386,0.5000000000000001
2004,11,376.33,0.72,28610.023,560,0.0045378106398312745,377.57250000000005,0.5466666666666666,374.63,374.84,0.6,-0.5000000000000004,0.8660254037844384
2004,12,377.68,0.5,28610.023,561,0.003587277123801025,377.6983333333333,0.5266666666666667,376.33,376.17,0.72,-2.4492935982947064e-16,1.0
2005,1,378.63,0.75,29598.951,562,0.0025153569159075406,377.82,0.5416666666666666,377.68,377.17,0.5,0.49999999999999994,0.8660254037844387
2005,2,379.91,0.59,29598.951,563,0.003380609037846982,377.97499999999997,0.5308333333333334,378.63,378.05,0.75,0.8660254037844386,0.5000000000000001
2005,3,380.95,0.74,29598.951,564,0.002737490458266434,378.1325,0.54,379.91,379.06,0.59,1.0,6.123233995736766e-17
2005,4,382.48,0.66,29598.951,565,0.004016275101719424,378.2941666666666,0.5449999999999999,380.95,380.54,0.74,0.8660254037844387,-0.4999999999999998
2005,5,382.64,0.62,29598.951,566,0.000418322526668069,378.4475,0.5666666666666667,382.48,380.8,0.66,0.49999999999999994,-0.8660254037844387
2005,6,382.4,0.64,29598.951,567,-0.0006272214091574968,378.6583333333333,0.5841666666666666,382.64,379.87,0.62,1.2246467991473532e-16,-1.0
2005,7,380.93,0.61,29598.951,568,-0.003844142259414096,378.9316666666667,0.6141666666666666,382.4,377.65,0.64,-0.4999999999999997,-0.8660254037844388
2005,8,378.93,0.6,29598.951,569,-0.005250308455621799,379.16166666666663,0.6275000000000001,380.93,376.17,0.61,-0.8660254037844384,-0.5000000000000004
2005,9,376.89,0.71,29598.951,570,-0.0053835800807537915,379.3666666666666,0.645,378.93,374.43,0.6,-1.0,-1.8369701987210297e-16
2005,10,377.19,0.76,29598.951,571,0.0007959882193744328,379.5799999999999,0.6583333333333333,376.89,374.63,0.71,-0.8660254037844386,0.5000000000000001
2005,11,378.54,0.74,29598.951,572,0.0035790980672871786,379.76416666666665,0.66,377.19,376.33,0.76,-0.5000000000000004,0.8660254037844384
2005,12,380.31,0.67,29598.951,573,0.004675859882707245,379.98333333333335,0.6741666666666667,378.54,377.68,0.74,-2.4492935982947064e-16,1.0
2006,1,381.58,0.56,30594.152,574,0.003339381031263855,380.2291666666667,0.6583333333333333,380.31,378.63,0.67,0.49999999999999994,0.8660254037844387
2006,2,382.4,0.73,30594.152,575,0.002148959589076904,380.4366666666667,0.6699999999999999,381.58,379.91,0.56,0.8660254037844386,0.5000000000000001
2006,3,382.86,0.63,30594.152,576,0.0012029288702930518,380.5958333333333,0.6608333333333333,382.4,380.95,0.73,1.0,6.123233995736766e-17
2006,4,384.8,0.46,30594.152,577,0.0050671263647286136,380.7891666666667,0.6441666666666667,382.86,382.48,0.63,0.8660254037844387,-0.4999999999999998
2006,5,385.22,0.48,30594.152,578,0.0010914760914761956,381.0041666666666,0.6325,384.8,382.64,0.46,0.49999999999999994,-0.8660254037844387
2006,6,384.24,0.66,30594.152,579,-0.002544000830694171,381.1575,0.6341666666666667,385.22,382.4,0.48,1.2246467991473532e-16,-1.0
2006,7,382.65,0.54,30594.152,580,-0.0041380387257964335,381.3008333333333,0.6283333333333333,384.24,380.93,0.66,-0.4999999999999997,-0.8660254037844388
2006,8,380.6,0.71,30594.152,581,-0.005357376192342778,381.44000000000005,0.6375000000000001,382.65,378.93,0.54,-0.8660254037844384,-0.5000000000000004
2006,9,379.04,0.66,30594.152,582,-0.004098791382028399,381.6191666666667,0.6333333333333333,380.6,376.89,0.71,-1.0,-1.8369701987210297e-16
2006,10,379.33,0.7,30594.152,583,0.0007650907555929454,381.79749999999996,0.6283333333333333,379.04,377.19,0.66,-0.8660254037844386,0.5000000000000001
2006,11,380.35,0.73,30594.152,584,0.0026889515725094792,381.94833333333327,0.6275000000000001,379.33,378.54,0.7,-0.5000000000000004,0.8660254037844384
2006,12,382.02,0.79,30594.152,585,0.0043906927829628906,382.09083333333336,0.6375000000000001,380.35,380.31,0.73,-2.4492935982947064e-16,1.0
2007,1,383.1,1.01,31499.256,586,0.0028270771163814157,382.21750000000003,0.6749999999999999,382.02,381.58,0.79,0.49999999999999994,0.8660254037844387
2007,2,384.12,0.7,31499.256,587,0.002662490211432944,382.36083333333335,0.6725,383.1,382.4,1.01,0.8660254037844386,0.5000000000000001
2007,3,384.81,0.71,31499.256,588,0.0017963136519838496,382.5233333333333,0.6791666666666667,384.12,382.86,0.7,1.0,6.123233995736766e-17
2007,4,386.73,0.77,31499.256,589,0.004989475325485326,382.68416666666667,0.7050000000000001,384.81,384.8,0.71,0.8660254037844387,-0.4999999999999998
2007,5,386.78,0.69,31499.256,590,0.00012928916815346803,382.8141666666666,0.7225,386.73,385.22,0.77,0.49999999999999994,-0.8660254037844387
2007,6,386.33,0.61,31499.256,591,-0.0011634520916282698,382.9883333333333,0.7183333333333333,386.78,384.24,0.69,1.2246467991473532e-16,-1.0
2007,7,384.73,0.59,31499.256,592,-0.0041415370279294095,383.1616666666667,0.7225,386.33,382.65,0.61,-0.4999999999999997,-0.8660254037844388
2007,8,382.24,0.6,31499.256,593,-0.006472071322745854,383.29833333333335,0.7133333333333333,384.73,380.6,0.59,-0.8660254037844384,-0.5000000000000004
2007,9,381.2,0.6,31499.256,594,-0.002720803683549655,383.4783333333333,0.7083333333333334,382.24,379.04,0.6,-1.0,-1.8369701987210297e-16
2007,10,381.37,0.59,31499.256,595,0.0004459601259181323,383.6483333333333,0.6991666666666667,381.2,379.33,0.6,-0.8660254037844386,0.5000000000000001
2007,11,382.7,0.59,31499.256,596,0.0034874269082518783,383.8441666666667,0.6875,381.37,380.35,0.59,-0.5000000000000004,0.8660254037844384
2007,12,384.19,0.49,31499.256,597,0.0038933890776065017,384.02500000000003,0.6625,382.7,382.02,0.59,-2.4492935982947064e-16,1.0
2008,1,385.78,0.3,32049.66,598,0.004138577266456611,384.2483333333333,0.6033333333333333,384.19,383.1,0.49,0.49999999999999994,0.8660254037844387
2008,2,386.06,0.38,32049.66,599,0.000725802270724385,384.41,0.5766666666666667,385.78,384.12,0.3,0.8660254037844386,0.5000000000000001
2008,3,386.28,0.74,32049.66,600,0.0005698596073149265,384.5325,0.5791666666666666,386.06,384.81,0.38,1.0,6.123233995736766e-17
2008,4,387.33,0.53,32049.66,601,0.0027182354768562345,384.5825,0.5591666666666667,386.28,386.73,0.74,0.8660254037844387,-0.4999999999999998
2008,5,388.78,0.49,32049.66,602,0.0037435778276921905,384.74916666666667,0.5425,387.33,386.78,0.53,0.49999999999999994,-0.8660254037844387
2008,6,387.99,0.49,32049.66,603,-0.0020319975307371285,384.8875,0.5325000000000001,388.78,386.33,0.49,1.2246467991473532e-16,-1.0
2008,7,386.61,0.6,32049.66,604,-0.003556792700842748,385.0441666666666,0.5333333333333333,387.99,384.73,0.49,-0.4999999999999997,-0.8660254037844388
2008,8,384.32,0.45,32049.66,605,-0.005923281860272689,385.2175,0.5208333333333334,386.61,382.24,0.6,-0.8660254037844384,-0.5000000000000004
2008,9,383.41,0.6,32049.66,606,-0.002367818484596107,385.40166666666664,0.5208333333333334,384.32,381.2,0.45,-1.0,-1.8369701987210297e-16
2008,10,383.22,0.66,32049.66,607,-0.0004955530633004024,385.55583333333334,0.5266666666666667,383.41,381.37,0.6,-0.8660254037844386,0.5000000000000001
2008,11,384.41,0.69,32049.66,608,0.0031052659047021702,385.6983333333333,0.535,383.22,382.7,0.66,-0.5000000000000004,0.8660254037844384
2008,12,385.79,0.53,32049.66,609,0.003589917015686339,385.83166666666665,0.5383333333333333,384.41,384.19,0.69,-2.4492935982947064e-16,1.0
2009,1,387.17,0.64,31513.014,610,0.00357707561108378,385.9475,0.5666666666666668,385.79,385.78,0.53,0.49999999999999994,0.8660254037844387
2009,2,387.7,0.53,31513.014,611,0.0013689077149572348,386.0841666666666,0.5791666666666666,387.17,386.06,0.64,0.8660254037844386,0.5000000000000001
2009,3,389.04,0.53,31513.014,612,0.0034562806293527704,386.3141666666667,0.5616666666666666,387.7,386.28,0.53,1.0,6.123233995736766e-17
2009,4,389.76,0.61,31513.014,613,0.0018507094386179812,386.51666666666665,0.5683333333333334,389.04,387.33,0.53,0.8660254037844387,-0.4999999999999998
2009,5,390.36,0.65,31513.014,614,0.0015394088669951067,386.64833333333337,0.5816666666666667,389.76,388.78,0.61,0.49999999999999994,-0.8660254037844387
2009,6,389.7,0.63,31513.014,615,-0.0016907470027667237,386.7908333333334,0.5933333333333334,390.36,387.99,0.65,1.2246467991473532e-16,-1.0
2009,7,388.24,0.73,31513.014,616,-0.003746471644854976,386.9266666666667,0.6041666666666666,389.7,386.61,0.63,-0.4999999999999997,-0.8660254037844388
2009,8,386.29,0.68,31513.014,617,-0.005022666391922503,387.09083333333336,0.6233333333333333,388.24,384.32,0.73,-0.8660254037844384,-0.5000000000000004
2009,9,384.95,0.71,31513.014,618,-0.0034688964249657284,387.2191666666667,0.6325,386.29,383.41,0.68,-1.0,-1.8369701987210297e-16
2009,10,384.64,0.65,31513.014,619,-0.0008052993895311111,387.33750000000003,0.6316666666666667,384.95,383.22,0.71,-0.8660254037844386,0.5000000000000001
2009,11,386.23,0.79,31513.014,620,0.004133735440931874,387.4891666666667,0.64,384.64,384.41,0.65,-0.5000000000000004,0.8660254037844384
2009,12,387.63,0.67,31513.014,621,0.0036247831602931324,387.6425,0.6516666666666667,386.23,385.79,0.79,-2.4492935982947064e-16,1.0
2010,1,388.91,0.74,33317.672,622,0.0033021179991230554,387.7875000000001,0.66,387.63,387.17,0.67,0.49999999999999994,0.8660254037844387
2010,2,390.41,0.83,33317.672,623,0.003856933480753888,388.0133333333334,0.685,388.91,387.7,0.74,0.8660254037844386,0.5000000000000001
2010,3,391.37,0.92,33317.672,624,0.0024589534079557662,388.20750000000004,0.7174999999999999,390.41,389.04,0.83,1.0,6.123233995736766e-17
2010,4,392.67,0.85,33317.672,625,0.0033216649206633253,388.45000000000005,0.7374999999999999,391.37,389.76,0.92,0.8660254037844387,-0.4999999999999998
2010,5,393.21,0.75,33317.672,626,0.0013752005500802245,388.6875,0.7458333333333332,392.67,390.36,0.85,0.49999999999999994,-0.8660254037844387
2010,6,392.38,0.67,33317.672,627,-0.002110831362376331,388.91083333333336,0.7491666666666666,393.21,389.7,0.75,1.2246467991473532e-16,-1.0
2010,7,390.41,0.63,33317.672,628,-0.005020643253988433,389.0916666666667,0.7408333333333333,392.38,388.24,0.67,-0.4999999999999997,-0.8660254037844388
2010,8,388.54,0.66,33317.672,629,-0.004789836325913788,389.2791666666667,0.7391666666666667,390.41,386.29,0.63,-0.8660254037844384,-0.5000000000000004
2010,9,387.03,0.62,33317.672,630,-0.0038863437483915853,389.45250000000004,0.7316666666666666,388.54,384.95,0.66,-1.0,-1.8369701987210297e-16
2010,10,387.43,0.71,33317.672,631,0.001033511614086935,389.685,0.7366666666666668,387.03,384.64,0.62,-0.8660254037844386,0.5000000000000001
2010,11,388.87,0.81,33317.672,632,0.0037168004542755817,389.90500000000003,0.7383333333333333,387.43,386.23,0.71,-0.5000000000000004,0.8660254037844384
2010,12,389.99,0.45,33317.672,633,0.002880139892509126,390.1016666666667,0.7200000000000001,388.87,387.63,0.81,-2.4492935982947064e-16,1.0
2011,1,391.5,0.52,34479.988,634,0.0038718941511319827,390.31749999999994,0.7016666666666667,389.99,388.91,0.45,0.49999999999999994,0.8660254037844387
2011,2,392.05,0.47,34479.988,635,0.0014048531289911903,390.45416666666665,0.6716666666666667,391.5,390.41,0.52,0.8660254037844386,0.5000000000000001
2011,3,392.8,0.65,34479.988,636,0.0019130212983038408,390.5733333333333,0.6491666666666667,392.05,391.37,0.47,1.0,6.123233995736766e-17
2011,4,393.44,0.64,34479.988,637,0.0016293279022403517,390.6375,0.6316666666666667,392.8,392.67,0.65,0.8660254037844387,-0.4999999999999998
2011,5,394.41,0.53,34479.988,638,0.002465433102887493,390.73749999999995,0.6133333333333334,393.44,393.21,0.64,0.49999999999999994,-0.8660254037844387
2011,6,393.95,0.62,34479.988,639,-0.0011662990289293962,390.86833333333334,0.6091666666666667,394.41,392.38,0.53,1.2246467991473532e-16,-1.0
2011,7,392.72,0.7,34479.988,640,-0.003122223632440524,391.0608333333333,0.6150000000000001,393.95,390.41,0.62,-0.4999999999999997,-0.8660254037844388
2011,8,390.33,0.74,34479.988,641,-0.006085760847423183,391.21,0.6216666666666667,392.72,388.54,0.7,-0.8660254037844384,-0.5000000000000004
2011,9,389.28,0.55,34479.988,642,-0.002690031511797697,391.39750000000004,0.6158333333333333,390.33,387.03,0.74,-1.0,-1.8369701987210297e-16
2011,10,389.19,0.65,34479.988,643,-0.00023119605425392376,391.5441666666666,0.6108333333333333,389.28,387.43,0.55,-0.8660254037844386,0.5000000000000001
2011,11,390.48,0.59,34479.988,644,0.003314576427965843,391.67833333333334,0.5924999999999999,389.19,388.87,0.65,-0.5000000000000004,0.8660254037844384
2011,12,392.06,0.6,34479.988,645,0.004046301987297607,391.85083333333336,0.6050000000000001,390.48,389.99,0.59,-2.4492935982947064e-16,1.0
2012,1,393.31,0.47,34954.734,646,0.0031882875070141647,392.0016666666667,0.6008333333333333,392.06,391.5,0.6,0.49999999999999994,0.8660254037844387
2012,2,394.04,0.48,34954.734,647,0.0018560423075946186,392.1675,0.6016666666666667,393.31,392.05,0.47,0.8660254037844386,0.5000000000000001
2012,3,394.59,0.56,34954.734,648,0.0013957973809763935,392.31666666666666,0.5941666666666666,394.04,392.8,0.48,1.0,6.123233995736766e-17
2012,4,396.38,0.72,34954.734,649,0.004536354190425529,392.56166666666667,0.6008333333333333,394.59,393.44,0.56,0.8660254037844387,-0.4999999999999998
2012,5,396.93,0.78,34954.734,650,0.0013875573944195363,392.7716666666667,0.6216666666666667,396.38,394.41,0.72,0.49999999999999994,-0.8660254037844387
2012,6,395.91,0.64,34954.734,651,-0.0025697226211169877,392.93499999999995,0.6233333333333333,396.93,393.95,0.78,1.2246467991473532e-16,-1.0
2012,7,394.56,0.58,34954.734,652,-0.0034098658786088087,393.08833333333337,0.6133333333333333,395.91,392.72,0.64,-0.4999999999999997,-0.8660254037844388
2012,8,392.59,0.65,34954.734,653,-0.00499290348742909,393.2766666666667,0.6058333333333333,394.56,390.33,0.58,-0.8660254037844384,-0.5000000000000004
2012,9,391.32,0.71,34954.734,654,-0.003234927023102907,393.44666666666666,0.6191666666666666,392.59,389.28,0.65,-1.0,-1.8369701987210297e-16
2012,10,391.27,0.79,34954.734,655,-0.00012777266687113986,393.62000000000006,0.6308333333333334,391.32,389.19,0.71,-0.8660254037844386,0.5000000000000001
2012,11,393.2,0.78,34954.734,656,0.004932655199734182,393.84666666666664,0.6466666666666667,391.27,390.48,0.79,-0.5000000000000004,0.8660254037844384
2012,12,394.57,0.52,34954.734,657,0.0034842319430314905,394.05583333333334,0.64,393.2,392.06,0.78,-2.4492935982947064e-16,1.0
2013,1,395.78,0.71,35275.82,658,0.0030666294954000417,394.2616666666666,0.66,394.57,393.31,0.52,0.49999999999999994,0.8660254037844387
2013,2,397.03,0.61,35275.82,659,0.0031583202789429166,394.51083333333327,0.6708333333333333,395.78,394.04,0.71,0.8660254037844386,0.5000000000000001
2013,3,397.66,0.67,35275.82,660,0.0015867818552754986,394.76666666666665,0.68,397.03,394.59,0.61,1.0,6.123233995736766e-17
2013,4,398.64,0.53,35275.82,661,0.002464416838505068,394.955,0.6641666666666667,397.66,396.38,0.67,0.8660254037844387,-0.4999999999999998
2013,5,400.02,0.6,35275.82,662,0.003461770018061472,395.21250000000003,0.6491666666666667,398.64,396.93,0.53,0.49999999999999994,-0.8660254037844387
2013,6,398.81,0.69,35275.82,663,-0.0030248487575620375,395.45416666666665,0.6533333333333333,400.02,395.91,0.6,1.2246467991473532e-16,-1.0
2013,7,397.51,0.6,35275.82,664,-0.0032596976003611555,395.7,0.655,398.81,394.56,0.69,-0.4999999999999997,-0.8660254037844388
2013,8,395.39,0.7,35275.82,665,-0.005333199164800906,395.93333333333334,0.6591666666666667,397.51,392.59,0.6,-0.8660254037844384,-0.5000000000000004
2013,9,393.72,0.76,35275.82,666,-0.004223677887655097,396.1333333333334,0.6633333333333333,395.39,391.32,0.7,-1.0,-1.8369701987210297e-16
2013,10,393.9,0.69,35275.82,667,0.00045717768972863837,396.35249999999996,0.6549999999999999,393.72,391.27,0.76,-0.8660254037844386,0.5000000000000001
2013,11,395.36,0.83,35275.82,668,0.0037065244986038692,396.53249999999997,0.6591666666666666,393.9,393.2,0.69,-0.5000000000000004,0.8660254037844384
2013,12,397.03,0.7,35275.82,669,0.004223998381222005,396.7375,0.6741666666666667,395.36,394.57,0.83,-2.4492935982947064e-16,1.0
2014,1,398.04,0.76,35465.695,670,0.0025438883711559335,396.9258333333334,0.6783333333333333,397.03,395.78,0.7,0.49999999999999994,0.8660254037844387
2014,2,398.27,0.55,35465.695,671,0.0005778313737312413,397.02916666666664,0.6733333333333333,398.04,397.03,0.76,0.8660254037844386,0.5000000000000001
2014,3,399.91,0.78,35465.695,672,0.0041178095262008885,397.21666666666664,0.6825,398.27,397.66,0.55,1.0,6.123233995736766e-17
2014,4,401.51,0.8,35465.695,673,0.004000900202545399,397.4558333333334,0.705,399.91,398.64,0.78,0.8660254037844387,-0.4999999999999998
2014,5,401.96,0.86,35465.695,674,0.0011207690966601458,397.6175,0.7266666666666667,401.51,400.02,0.8,0.49999999999999994,-0.8660254037844387
2014,6,401.43,0.67,35465.695,675,-0.001318539158125076,397.83583333333337,0.7250000000000001,401.96,398.81,0.86,1.2246467991473532e-16,-1.0
2014,7,399.27,0.58,35465.695,676,-0.005380763769524011,397.9825,0.7233333333333335,401.43,397.51,0.67,-0.4999999999999997,-0.8660254037844388
2014,8,397.18,0.83,35465.695,677,-0.00523455305933318,398.13166666666666,0.7341666666666665,399.27,395.39,0.58,-0.8660254037844384,-0.5000000000000004
2014,9,395.54,0.87,35465.695,678,-0.004129110227101052,398.28333333333336,0.7433333333333333,397.18,393.72,0.83,-1.0,-1.8369701987210297e-16
2014,10,396.16,0.8,35465.695,679,0.0015674773727056834,398.47166666666664,0.7525000000000001,395.54,393.9,0.87,-0.8660254037844386,0.5000000000000001
2014,11,397.4,0.67,35465.695,680,0.003130048465266544,398.64166666666665,0.7391666666666667,396.16,395.36,0.8,-0.5000000000000004,0.8660254037844384
2014,12,399.08,0.78,35465.695,681,0.00422747861097128,398.8125,0.7458333333333335,397.4,397.03,0.67,-2.4492935982947064e-16,1.0
2015,1,400.18,0.86,35403.527,682,0.002756339581036382,398.9908333333333,0.7541666666666665,399.08,398.04,0.78,0.49999999999999994,0.8660254037844387
2015,2,400.55,0.91,35403.527,683,0.0009245839372282738,399.18083333333334,0.7841666666666667,400.18,398.27,0.86,0.8660254037844386,0.5000000000000001
2015,3,401.74,0.96,35403.527,684,0.0029709149918861755,399.3333333333333,0.7991666666666667,400.55,399.91,0.91,1.0,6.123233995736766e-17
2015,4,403.35,0.75,35403.527,685,0.004007567083188057,399.4866666666667,0.795,401.74,401.51,0.96,0.8660254037844387,-0.4999999999999998
2015,5,404.15,0.79,35403.527,686,0.0019833891161520345,399.6691666666666,0.7891666666666666,403.35,401.96,0.75,0.49999999999999994,-0.8660254037844387
2015,6,402.97,0.81,35403.527,687,-0.0029197080291969435,399.79749999999996,0.8008333333333333,404.15,401.43,0.79,1.2246467991473532e-16,-1.0
2015,7,401.46,0.73,35403.527,688,-0.003747177209221686,399.98,0.8133333333333334,402.97,399.27,0.81,-0.4999999999999997,-0.8660254037844388
2015,8,399.11,0.79,35403.527,689,-0.005853634235042038,400.1408333333333,0.8099999999999999,401.46,397.18,0.73,-0.8660254037844384,-0.5000000000000004
2015,9,397.82,0.83,35403.527,690,-0.0032321916263686745,400.3308333333334,0.8066666666666666,399.11,395.54,0.79,-1.0,-1.8369701987210297e-16
2015,10,398.49,1.07,35403.527,691,0.0016841787743200332,400.52500000000003,0.8291666666666666,397.82,396.16,0.83,-0.8660254037844386,0.5000000000000001
2015,11,400.27,1.05,35403.527,692,0.004466862405581029,400.76416666666665,0.8608333333333333,398.49,397.4,1.07,-0.5000000000000004,0.8660254037844384
2015,12,402.06,1.17,35403.527,693,0.004471981412546677,401.01250000000005,0.8933333333333334,400.27,399.08,1.05,-2.4492935982947064e-16,1.0
2016,1,402.73,1.17,35392.832,694,0.0016664179475700536,401.22499999999997,0.9191666666666668,402.06,400.18,1.17,0.49999999999999994,0.8660254037844387
2016,2,404.25,1.36,35392.832,695,0.003774240806495577,401.5333333333333,0.9566666666666667,402.73,400.55,1.17,0.8660254037844386,0.5000000000000001
2016,3,405.06,1.35,35392.832,696,0.0020037105751391504,401.81,0.9891666666666666,404.25,401.74,1.36,1.0,6.123233995736766e-17
2016,4,407.6,1.08,35392.832,697,0.006270675949242133,402.1641666666667,1.0166666666666666,405.06,403.35,1.35,0.8660254037844387,-0.4999999999999998
2016,5,407.9,0.95,35392.832,698,0.0007360157016682578,402.4766666666667,1.03,407.6,404.15,1.08,0.49999999999999994,-0.8660254037844387
2016,6,406.99,0.8,35392.832,699,-0.002230938955626316,402.81166666666667,1.0291666666666666,407.9,402.97,0.95,1.2246467991473532e-16,-1.0
2016,7,404.59,0.84,35392.832,700,-0.005896950785031607,403.0725,1.0383333333333333,406.99,401.46,0.8,-0.4999999999999997,-0.8660254037844388
2016,8,402.45,1.01,35392.832,701,-0.005289305222570984,403.35083333333336,1.0566666666666666,404.59,399.11,0.84,-0.8660254037844384,-0.5000000000000004
2016,9,401.23,0.9,35392.832,702,-0.0030314324760839506,403.635,1.0625,402.45,397.82,1.01,-1.0,-1.8369701987210297e-16
2016,10,401.79,0.86,35392.832,703,0.0013957081972932883,403.91,1.0450000000000002,401.23,398.49,0.9,-0.8660254037844386,0.5000000000000001
2016,11,403.72,0.91,35392.832,704,0.004803504318176222,404.19750000000005,1.0333333333333334,401.79,400.27,0.86,-0.5000000000000004,0.8660254037844384
2016,12,404.64,0.86,35392.832,705,0.0022788070940253924,404.41249999999997,1.0075,403.72,402.06,0.91,-2.4492935982947064e-16,1.0
2017,1,406.36,1.02,35974.609,706,0.0042506919731120085,404.7150000000001,0.995,404.64,402.73,0.86,0.49999999999999994,0.8660254037844387
2017,2,406.65,1.13,35974.609,707,0.0007136529185942653,404.915,0.9758333333333334,406.36,404.25,1.02,0.8660254037844386,0.5000000000000001
2017,3,407.54,1.16,35974.609,708,0.002188614287470969,405.12166666666667,0.96,406.65,405.06,1.13,1.0,6.123233995736766e-17
2017,4,409.22,0.93,35974.609,709,0.0041222947440742175,405.25666666666666,0.9475000000000001,407.54,407.6,1.16,0.8660254037844387,-0.4999999999999998
2017,5,409.89,0.91,35974.609,710,0.0016372611309318774,405.42249999999996,0.9441666666666667,409.22,407.9,0.93,0.49999999999999994,-0.8660254037844387
2017,6,409.08,0.71,35974.609,711,-0.001976139939983912,405.59666666666664,0.9366666666666666,409.89,406.99,0.91,1.2246467991473532e-16,-1.0
2017,7,407.33,0.82,35974.609,712,-0.0042778918548939115,405.825,0.935,409.08,404.59,0.71,-0.4999999999999997,-0.8660254037844388
2017,8,405.32,0.87,35974.609,713,-0.004934573932683595,406.0641666666667,0.9233333333333333,407.33,402.45,0.82,-0.8660254037844384,-0.5000000000000004
2017,9,403.57,0.74,35974.609,714,-0.004317576236060439,406.25916666666666,0.91,405.32,401.23,0.87,-1.0,-1.8369701987210297e-16
2017,10,403.82,0.88,35974.609,715,0.0006194712193672292,406.4283333333333,0.9116666666666666,403.57,401.79,0.74,-0.8660254037844386,0.5000000000000001
2017,11,405.31,0.87,35974.609,716,0.0036897627655887444,406.5608333333333,0.9083333333333332,403.82,403.72,0.88,-0.5000000000000004,0.8660254037844384
2017,12,407.0,0.93,35974.609,717,0.004169647923811359,406.7575,0.9141666666666666,405.31,404.64,0.87,-2.4492935982947064e-16,1.0
2018,1,408.15,0.82,36734.004,718,0.0028255528255527462,406.9066666666666,0.8975,407.0,406.36,0.93,0.49999999999999994,0.8660254037844387
2018,2,408.52,0.84,36734.004,719,0.0009065294622074838,407.0625,0.8733333333333332,408.15,406.65,0.82,0.8660254037844386,0.5000000000000001
2018,3,409.59,0.88,36734.004,720,0.002619210809752248,407.23333333333335,0.8500000000000001,408.52,407.54,0.84,1.0,6.123233995736766e-17
2018,4,410.45,0.88,36734.004,721,0.0020996606362460035,407.3358333333333,0.8458333333333332,409.59,409.22,0.88,0.8660254037844387,-0.4999999999999998
2018,5,411.44,0.81,36734.004,722,0.002411986843708247,407.465,0.8374999999999999,410.45,409.89,0.88,0.49999999999999994,-0.8660254037844387
2018,6,410.99,0.76,36734.004,723,-0.0010937196188994802,407.6241666666667,0.8416666666666667,411.44,409.08,0.81,1.2246467991473532e-16,-1.0
2018,7,408.9,0.83,36734.004,724,-0.005085281880337744,407.75499999999994,0.8424999999999999,410.99,407.33,0.76,-0.4999999999999997,-0.8660254037844388
2018,8,407.16,0.78,36734.004,725,-0.004255319148936065,407.9083333333333,0.8350000000000001,408.9,405.32,0.83,-0.8660254037844384,-0.5000000000000004
2018,9,405.71,0.8,36734.004,726,-0.0035612535612536966,408.08666666666664,0.84,407.16,403.57,0.78,-1.0,-1.8369701987210297e-16
2018,10,406.19,1.01,36734.004,727,0.0011831110892017715,408.28416666666664,0.8508333333333332,405.71,403.82,0.8,-0.8660254037844386,0.5000000000000001
2018,11,408.21,0.83,36734.004,728,0.004973042172382369,408.5258333333333,0.8475,406.19,405.31,1.01,-0.5000000000000004,0.8660254037844384
2018,12,409.27,0.92,36734.004,729,0.0025967026775435276,408.715,0.8466666666666667,408.21,407.0,0.83,-2.4492935982947064e-16,1.0
2019,1,411.03,0.93,37086.566,730,0.004300339629095706,408.955,0.8558333333333334,409.27,408.15,0.92,0.49999999999999994,0.8660254037844387
2019,2,411.96,0.95,37086.566,731,0.002262608568717628,409.2416666666666,0.8650000000000001,411.03,408.52,0.93,0.8660254037844386,0.5000000000000001
2019,3,412.18,1.17,37086.566,732,0.0005340324303331201,409.4575,0.8891666666666667,411.96,409.59,0.95,1.0,6.123233995736766e-17
2019,4,413.54,1.01,37086.566,733,0.0032995293318454078,409.715,0.9,412.18,410.45,1.17,0.8660254037844387,-0.4999999999999998
2019,5,414.86,0.86,37086.566,734,0.003191952410891208,410.0,0.9041666666666667,413.54,411.44,1.01,0.49999999999999994,-0.8660254037844387
2019,6,414.15,0.9,37086.566,735,-0.0017114207202431064,410.2633333333333,0.9158333333333334,414.86,410.99,0.86,1.2246467991473532e-16,-1.0
2019,7,411.96,0.94,37086.566,736,-0.005287939152480936,410.5183333333334,0.9250000000000002,414.15,408.9,0.9,-0.4999999999999997,-0.8660254037844388
2019,8,410.17,0.95,37086.566,737,-0.004345082046800619,410.76916666666665,0.9391666666666666,411.96,407.16,0.94,-0.8660254037844384,-0.5000000000000004
2019,9,408.76,0.93,37086.566,738,-0.0034375990442987447,411.0233333333333,0.9500000000000001,410.17,405.71,0.95,-1.0,-1.8369701987210297e-16
2019,10,408.74,1.0,37086.566,739,-4.892846658177685e-05,411.23583333333335,0.9491666666666667,408.76,406.19,0.93,-0.8660254037844386,0.5000000000000001
2019,11,410.47,0.99,37086.566,740,0.004232519450017236,411.4241666666667,0.9625,408.74,408.21,1.0,-0.5000000000000004,0.8660254037844384
2019,12,411.97,1.11,37086.566,741,0.0036543474553560884,411.64916666666664,0.9783333333333334,410.47,409.27,0.99,-2.4492935982947064e-16,1.0
2020,1,413.59,1.18,35158.23,742,0.003932325169308415,411.8625,0.9991666666666665,411.97,411.03,1.11,0.49999999999999994,0.8660254037844387
2020,2,414.32,1.24,35158.23,743,0.0017650330036993456,412.05916666666667,1.0233333333333332,413.59,411.96,1.18,0.8660254037844386,0.5000000000000001
2020,3,414.72,1.18,35158.23,744,0.0009654373431164931,412.2708333333333,1.0241666666666667,414.32,412.18,1.24,1.0,6.123233995736766e-17
2020,4,416.42,1.12,35158.23,745,0.004099151234567833,412.5108333333333,1.0333333333333334,414.72,413.54,1.18,0.8660254037844387,-0.4999999999999998
2020,5,417.28,0.99,35158.23,746,0.0020652226117860994,412.71250000000003,1.0441666666666667,416.42,414.86,1.12,0.49999999999999994,-0.8660254037844387
2020,6,416.58,0.91,35158.23,747,-0.0016775306748465502,412.91499999999996,1.0450000000000002,417.28,414.15,0.99,1.2246467991473532e-16,-1.0
2020,7,414.58,0.89,35158.23,748,-0.004800998607710438,413.13333333333327,1.0408333333333333,416.58,411.96,0.91,-0.4999999999999997,-0.8660254037844388
2020,8,412.75,0.86,35158.23,749,-0.004414105842057037,413.34833333333336,1.0333333333333334,414.58,410.17,0.89,-0.8660254037844384,-0.5000000000000004
2020,9,411.5,0.96,35158.23,750,-0.0030284675953967666,413.57666666666665,1.0358333333333334,412.75,408.76,0.86,-1.0,-1.8369701987210297e-16
2020,10,411.49,0.87,35158.23,751,-2.4301336573495647e-05,413.80583333333334,1.0250000000000001,411.5,408.74,0.96,-0.8660254037844386,0.5000000000000001
2020,11,413.1,1.08,35158.23,752,0.003912610269994454,414.02500000000003,1.0325,411.49,410.47,0.87,-0.5000000000000004,0.8660254037844384
2020,12,414.23,0.79,35158.23,753,0.002735415153715781,414.21333333333337,1.0058333333333334,413.1,411.97,1.08,-2.4492935982947064e-16,1.0
2021,1,415.49,0.81,36866.863,754,0.003041788378437049,414.37166666666667,0.9750000000000001,414.23,413.59,0.79,0.49999999999999994,0.8660254037844387
2021,2,416.72,0.64,36866.863,755,0.0029603600568004484,414.5716666666667,0.9250000000000002,415.49,414.32,0.81,0.8660254037844386,0.5000000000000001
2021,3,417.61,0.89,36866.863,756,0.0021357266269916853,414.8125,0.9008333333333334,416.72,414.72,0.64,1.0,6.123233995736766e-17
2021,4,419.01,0.76,36866.863,757,0.003352410143435236,415.02833333333336,0.8708333333333332,417.61,416.42,0.89,0.8660254037844387,-0.4999999999999998
2021,5,419.09,0.79,36866.863,758,0.00019092623087746396,415.1791666666666,0.8541666666666666,419.01,417.28,0.76,0.49999999999999994,-0.8660254037844387
2021,6,418.93,0.85,36866.863,759,-0.0003817795700207238,415.375,0.8491666666666666,419.09,416.58,0.79,1.2246467991473532e-16,-1.0
2021,7,416.9,0.92,36866.863,760,-0.004845678275607002,415.5683333333334,0.8516666666666667,418.93,414.58,0.85,-0.4999999999999997,-0.8660254037844388
2021,8,414.42,0.81,36866.863,761,-0.005948668745502372,415.7075,0.8475,416.9,412.75,0.92,-0.8660254037844384,-0.5000000000000004
2021,9,413.26,0.92,36866.863,762,-0.0027990927078809236,415.8541666666667,0.8441666666666667,414.42,411.5,0.81,-1.0,-1.8369701987210297e-16
2021,10,413.9,0.98,36866.863,763,0.0015486618593620882,416.05500000000006,0.8533333333333334,413.26,411.49,0.92,-0.8660254037844386,0.5000000000000001
2021,11,414.97,0.92,36866.863,764,0.002585165498912856,416.2108333333333,0.84,413.9,413.1,0.98,-0.5000000000000004,0.8660254037844384
2021,12,416.67,0.87,36866.863,765,0.004096681687832726,416.41416666666663,0.8466666666666667,414.97,414.23,0.92,-2.4492935982947064e-16,1.0
2022,1,418.13,0.91,37527.773,766,0.003503971968224162,416.63416666666666,0.855,416.67,415.49,0.87,0.49999999999999994,0.8660254037844387
2022,2,419.24,0.89,37527.773,767,0.002654676775165621,416.8441666666666,0.8758333333333334,418.13,416.72,0.91,0.8660254037844386,0.5000000000000001
2022,3,418.76,1.04,37527.773,768,-0.001144928918996313,416.94,0.8883333333333333,419.24,417.61,0.89,1.0,6.123233995736766e-17
2022,4,420.19,0.83,37527.773,769,0.003414843824625091,417.03833333333336,0.8941666666666667,418.76,419.01,1.04,0.8660254037844387,-0.4999999999999998
2022,5,420.97,0.84,37527.773,770,0.0018563031009781739,417.195,0.8983333333333333,420.19,419.09,0.83,0.49999999999999994,-0.8660254037844387
2022,6,420.94,0.92,37527.773,771,-7.126398555723501e-05,417.3625,0.9041666666666667,420.97,418.93,0.84,1.2246467991473532e-16,-1.0
2022,7,418.85,0.94,37527.773,772,-0.004965078158407299,417.5249999999999,0.9058333333333334,420.94,416.9,0.92,-0.4999999999999997,-0.8660254037844388
2022,8,417.15,0.94,37527.773,773,-0.004058732243046537,417.7525,0.9166666666666666,418.85,414.42,0.94,-0.8660254037844384,-0.5000000000000004
2022,9,415.91,0.88,37527.773,774,-0.002972551839865667,417.97333333333336,0.9133333333333332,417.15,413.26,0.94,-1.0,-1.8369701987210297e-16
2022,10,415.74,0.97,37527.773,775,-0.0004087422759732062,418.1266666666666,0.9125,415.91,413.9,0.88,-0.8660254037844386,0.5000000000000001
2022,11,417.47,0.73,37527.773,776,0.004161254630297817,418.33500000000004,0.8966666666666666,415.74,414.97,0.97,-0.5000000000000004,0.8660254037844384
2022,12,418.99,0.79,37527.773,777,0.0036409801901933214,418.52833333333336,0.89,417.47,416.67,0.73,-2.4492935982947064e-16,1.0
2023,1,419.47,0.87,38094.039,778,0.0011456120671138326,418.64000000000004,0.8866666666666667,418.99,418.13,0.79,0.49999999999999994,0.8660254037844387
2023,2,420.31,0.96,38094.039,779,0.0020025269983550142,418.72916666666674,0.8925,419.47,419.24,0.87,0.8660254037844386,0.5000000000000001
2023,3,420.99,1.23,38094.039,780,0.001617853489091381,418.915,0.9083333333333333,420.31,418.76,0.96,1.0,6.123233995736766e-17
2023,4,423.31,0.99,38094.039,781,0.005510819734435568,419.17499999999995,0.9216666666666667,420.99,420.19,1.23,0.8660254037844387,-0.4999999999999998
2023,5,424.0,0.94,38094.039,782,0.001630011102974116,419.4275,0.93,423.31,420.97,0.99,0.49999999999999994,-0.8660254037844387
2023,6,423.68,1.08,38094.039,783,-0.0007547169811320531,419.6558333333333,0.9433333333333334,424.0,420.94,0.94,1.2246467991473532e-16,-1.0
2023,7,421.83,1.19,38094.039,784,-0.004366503021148049,419.9041666666667,0.9641666666666665,423.68,418.85,1.08,-0.4999999999999997,-0.8660254037844388
2023,8,419.68,1.19,38094.039,785,-0.0050968399592252744,420.115,0.985,421.83,417.15,1.19,-0.8660254037844384,-0.5000000000000004
2023,9,418.5,1.48,38094.039,786,-0.002811666031261928,420.3308333333334,1.035,419.68,415.91,1.19,-1.0,-1.8369701987210297e-16
2023,10,418.82,1.34,38094.039,787,0.0007646356033452761,420.58750000000003,1.0658333333333332,418.5,415.74,1.48,-0.8660254037844386,0.5000000000000001
2023,11,420.46,1.4,38094.039,788,0.003915763335084144,420.83666666666664,1.1216666666666666,418.82,417.47,1.34,-0.5000000000000004,0.8660254037844384
2023,12,421.86,1.35,38094.039,789,0.0033296865337963943,421.0758333333333,1.1683333333333332,420.46,418.99,1.4,-2.4492935982947064e-16,1.0
2024,1,422.8,1.25,38598.578,790,0.0022282273740104053,421.3533333333333,1.2,421.86,419.47,1.35,0.49999999999999994,0.8660254037844387
2024,2,424.55,1.43,38598.578,791,0.004139072847682224,421.70666666666665,1.2391666666666667,422.8,420.31,1.25,0.8660254037844386,0.5000000000000001
2024,3,425.38,1.39,38598.578,792,0.0019550111883170906,422.0725,1.2525,424.55,420.99,1.43,1.0,6.123233995736766e-17
2024,4,426.51,1.31,38598.578,793,0.002656448352061691,422.3391666666667,1.2791666666666666,425.38,423.31,1.39,0.8660254037844387,-0.4999999999999998
2024,5,426.9,1.16,38598.578,794,0.000914398255609461,422.5808333333334,1.2975,426.51,424.0,1.31,0.49999999999999994,-0.8660254037844387
2024,6,426.91,1.24,38598.578,795,2.3424689622908446e-05,422.84999999999997,1.3108333333333333,426.9,423.68,1.16,1.2246467991473532e-16,-1.0
2024,7,425.55,1.2,38598.578,796,-0.0031856831650699524,423.16,1.3116666666666668,426.91,421.83,1.24,-0.4999999999999997,-0.8660254037844388
2024,8,422.99,1.3,38598.578,797,-0.006015744330865935,423.4358333333333,1.3208333333333333,425.55,419.68,1.2,-0.8660254037844384,-0.5000000000000004
2024,9,422.03,1.23,38598.578,798,-0.002269557199933936,423.73,1.3,422.99,418.5,1.3,-1.0,-1.8369701987210297e-16
2024,10,422.38,1.34,38598.578,799,0.0008293249295074911,424.02666666666664,1.3,422.03,418.82,1.23,-0.8660254037844386,0.5000000000000001
2024,11,423.85,1.29,38598.578,800,0.0034802784222738303,424.30916666666667,1.2908333333333333,422.38,420.46,1.34,-0.5000000000000004,0.8660254037844384
2024,12,425.4,1.26,38598.578,801,0.003656954111124211,424.6041666666667,1.2833333333333334,423.85,421.86,1.29,-2.4492935982947064e-16,1.0
